file,Z,element_name,atomic_weight_ratio,subshell,binding_energy
Ne.h5,10,b'Ne',20.0056471,K,870.1
Ne.h5,10,b'Ne',20.0056471,L1,48.47
Ne.h5,10,b'Ne',20.0056471,L2,21.66
Ne.h5,10,b'Ne',20.0056471,L3,21.66
Tb.h5,65,b'Tb',157.559714,K,51999.0
Tb.h5,65,b'Tb',157.559714,L1,8711.0
Tb.h5,65,b'Tb',157.559714,L2,8256.0
Tb.h5,65,b'Tb',157.559714,L3,7518.0
Tb.h5,65,b'Tb',157.559714,M1,1965.0
Tb.h5,65,b'Tb',157.559714,M2,1768.0
Tb.h5,65,b'Tb',157.559714,M3,1612.0
Tb.h5,65,b'Tb',157.559714,M4,1277.0
Tb.h5,65,b'Tb',157.559714,M5,1243.0
Tb.h5,65,b'Tb',157.559714,N1,398.0
Tb.h5,65,b'Tb',157.559714,N2,315.0
Tb.h5,65,b'Tb',157.559714,N3,285.0
Tb.h5,65,b'Tb',157.559714,N4,157.0
Tb.h5,65,b'Tb',157.559714,N5,150.0
Tb.h5,65,b'Tb',157.559714,N6,6.0
Tb.h5,65,b'Tb',157.559714,N7,5.9
Tb.h5,65,b'Tb',157.559714,O1,48.0
Tb.h5,65,b'Tb',157.559714,O2,32.0
Tb.h5,65,b'Tb',157.559714,O3,28.0
Tb.h5,65,b'Tb',157.559714,P1,5.9
La.h5,57,b'La',137.711701,K,38928.0
La.h5,57,b'La',137.711701,L1,6269.0
La.h5,57,b'La',137.711701,L2,5894.0
La.h5,57,b'La',137.711701,L3,5486.0
La.h5,57,b'La',137.711701,M1,1365.0
La.h5,57,b'La',137.711701,M2,1207.0
La.h5,57,b'La',137.711701,M3,1124.0
La.h5,57,b'La',137.711701,M4,851.0
La.h5,57,b'La',137.711701,M5,834.0
La.h5,57,b'La',137.711701,N1,273.0
La.h5,57,b'La',137.711701,N2,210.0
La.h5,57,b'La',137.711701,N3,196.0
La.h5,57,b'La',137.711701,N4,105.0
La.h5,57,b'La',137.711701,N5,103.0
La.h5,57,b'La',137.711701,O1,36.0
La.h5,57,b'La',137.711701,O2,22.0
La.h5,57,b'La',137.711701,O3,19.0
La.h5,57,b'La',137.711701,O4,5.64
La.h5,57,b'La',137.711701,O5,5.64
La.h5,57,b'La',137.711701,P1,5.64
Xe.h5,54,b'Xe',130.172033,K,34565.0
Xe.h5,54,b'Xe',130.172033,L1,5453.2
Xe.h5,54,b'Xe',130.172033,L2,5107.2
Xe.h5,54,b'Xe',130.172033,L3,4787.3
Xe.h5,54,b'Xe',130.172033,M1,1148.7
Xe.h5,54,b'Xe',130.172033,M2,1002.1
Xe.h5,54,b'Xe',130.172033,M3,940.6
Xe.h5,54,b'Xe',130.172033,M4,689.0
Xe.h5,54,b'Xe',130.172033,M5,676.4
Xe.h5,54,b'Xe',130.172033,N1,213.2
Xe.h5,54,b'Xe',130.172033,N2,157.0
Xe.h5,54,b'Xe',130.172033,N3,145.5
Xe.h5,54,b'Xe',130.172033,N4,69.5
Xe.h5,54,b'Xe',130.172033,N5,67.5
Xe.h5,54,b'Xe',130.172033,O1,23.39
Xe.h5,54,b'Xe',130.172033,O2,13.43
Xe.h5,54,b'Xe',130.172033,O3,12.13
V.h5,23,b'V',50.5038738,K,5470.0
V.h5,23,b'V',50.5038738,L1,633.0
V.h5,23,b'V',50.5038738,L2,525.0
V.h5,23,b'V',50.5038738,L3,518.0
V.h5,23,b'V',50.5038738,M1,72.0
V.h5,23,b'V',50.5038738,M2,44.0
V.h5,23,b'V',50.5038738,M3,43.0
V.h5,23,b'V',50.5038738,M4,8.0
V.h5,23,b'V',50.5038738,M5,8.0
V.h5,23,b'V',50.5038738,N1,6.74
Na.h5,11,b'Na',22.7923002,K,1075.0
Na.h5,11,b'Na',22.7923002,L1,66.0
Na.h5,11,b'Na',22.7923002,L2,34.0
Na.h5,11,b'Na',22.7923002,L3,34.0
Na.h5,11,b'Na',22.7923002,M1,5.14
Sc.h5,21,b'Sc',44.5696947,K,4494.0
Sc.h5,21,b'Sc',44.5696947,L1,503.0
Sc.h5,21,b'Sc',44.5696947,L2,408.0
Sc.h5,21,b'Sc',44.5696947,L3,403.0
Sc.h5,21,b'Sc',44.5696947,M1,55.0
Sc.h5,21,b'Sc',44.5696947,M2,33.0
Sc.h5,21,b'Sc',44.5696947,M3,33.0
Sc.h5,21,b'Sc',44.5696947,M4,8.0
Sc.h5,21,b'Sc',44.5696947,M5,8.0
Sc.h5,21,b'Sc',44.5696947,N1,7.03
N.h5,7,b'N',13.8863718,K,403.0
N.h5,7,b'N',13.8863718,L1,20.33
N.h5,7,b'N',13.8863718,L2,12.38
N.h5,7,b'N',13.8863718,L3,12.38
Cf.h5,98,b'Cf',248.843719,K,134970.0
Cf.h5,98,b'Cf',248.843719,L1,26008.0
Cf.h5,98,b'Cf',248.843719,L2,25103.0
Cf.h5,98,b'Cf',248.843719,L3,19907.0
Cf.h5,98,b'Cf',248.843719,M1,6733.0
Cf.h5,98,b'Cf',248.843719,M2,6352.0
Cf.h5,98,b'Cf',248.843719,M3,5103.0
Cf.h5,98,b'Cf',248.843719,M4,4492.0
Cf.h5,98,b'Cf',248.843719,M5,4247.0
Cf.h5,98,b'Cf',248.843719,N1,1789.0
Cf.h5,98,b'Cf',248.843719,N2,1610.0
Cf.h5,98,b'Cf',248.843719,N3,1273.0
Cf.h5,98,b'Cf',248.843719,N4,987.0
Cf.h5,98,b'Cf',248.843719,N5,925.0
Cf.h5,98,b'Cf',248.843719,N6,546.0
Cf.h5,98,b'Cf',248.843719,N7,529.0
Cf.h5,98,b'Cf',248.843719,O1,412.0
Cf.h5,98,b'Cf',248.843719,O2,338.0
Cf.h5,98,b'Cf',248.843719,O3,251.0
Cf.h5,98,b'Cf',248.843719,O4,142.0
Cf.h5,98,b'Cf',248.843719,O5,129.0
Cf.h5,98,b'Cf',248.843719,O6,9.0
Cf.h5,98,b'Cf',248.843719,O7,9.0
Cf.h5,98,b'Cf',248.843719,P1,61.0
Cf.h5,98,b'Cf',248.843719,P2,39.0
Cf.h5,98,b'Cf',248.843719,P3,25.0
Cf.h5,98,b'Cf',248.843719,Q1,7.0
He.h5,2,b'He',3.96821463,K,24.59
W.h5,74,b'W',182.270589,K,69529.0
W.h5,74,b'W',182.270589,L1,12103.0
W.h5,74,b'W',182.270589,L2,11546.0
W.h5,74,b'W',182.270589,L3,10209.0
W.h5,74,b'W',182.270589,M1,2823.0
W.h5,74,b'W',182.270589,M2,2577.0
W.h5,74,b'W',182.270589,M3,2283.0
W.h5,74,b'W',182.270589,M4,1874.0
W.h5,74,b'W',182.270589,M5,1811.0
W.h5,74,b'W',182.270589,N1,599.0
W.h5,74,b'W',182.270589,N2,495.0
W.h5,74,b'W',182.270589,N3,428.0
W.h5,74,b'W',182.270589,N4,261.0
W.h5,74,b'W',182.270589,N5,248.0
W.h5,74,b'W',182.270589,N6,38.0
W.h5,74,b'W',182.270589,N7,36.0
W.h5,74,b'W',182.270589,O1,80.0
W.h5,74,b'W',182.270589,O2,51.0
W.h5,74,b'W',182.270589,O3,41.0
W.h5,74,b'W',182.270589,O4,8.67
W.h5,74,b'W',182.270589,O5,8.67
W.h5,74,b'W',182.270589,P1,8.67
Sb.h5,51,b'Sb',120.704075,K,30496.0
Sb.h5,51,b'Sb',120.704075,L1,4703.0
Sb.h5,51,b'Sb',120.704075,L2,4385.0
Sb.h5,51,b'Sb',120.704075,L3,4137.0
Sb.h5,51,b'Sb',120.704075,M1,949.0
Sb.h5,51,b'Sb',120.704075,M2,817.0
Sb.h5,51,b'Sb',120.704075,M3,771.0
Sb.h5,51,b'Sb',120.704075,M4,542.0
Sb.h5,51,b'Sb',120.704075,M5,533.0
Sb.h5,51,b'Sb',120.704075,N1,157.0
Sb.h5,51,b'Sb',120.704075,N2,114.0
Sb.h5,51,b'Sb',120.704075,N3,104.0
Sb.h5,51,b'Sb',120.704075,N4,38.0
Sb.h5,51,b'Sb',120.704075,N5,37.0
Sb.h5,51,b'Sb',120.704075,O1,15.0
Sb.h5,51,b'Sb',120.704075,O2,8.64
Sb.h5,51,b'Sb',120.704075,O3,8.64
Ac.h5,89,b'Ac',225.049898,K,106760.0
Ac.h5,89,b'Ac',225.049898,L1,19850.0
Ac.h5,89,b'Ac',225.049898,L2,19086.0
Ac.h5,89,b'Ac',225.049898,L3,15874.0
Ac.h5,89,b'Ac',225.049898,M1,5005.0
Ac.h5,89,b'Ac',225.049898,M2,4661.0
Ac.h5,89,b'Ac',225.049898,M3,3921.0
Ac.h5,89,b'Ac',225.049898,M4,3374.0
Ac.h5,89,b'Ac',225.049898,M5,3223.0
Ac.h5,89,b'Ac',225.049898,N1,1274.0
Ac.h5,89,b'Ac',225.049898,N2,1116.0
Ac.h5,89,b'Ac',225.049898,N3,928.0
Ac.h5,89,b'Ac',225.049898,N4,680.0
Ac.h5,89,b'Ac',225.049898,N5,645.0
Ac.h5,89,b'Ac',225.049898,N6,322.0
Ac.h5,89,b'Ac',225.049898,N7,313.0
Ac.h5,89,b'Ac',225.049898,O1,274.0
Ac.h5,89,b'Ac',225.049898,O2,218.0
Ac.h5,89,b'Ac',225.049898,O3,174.0
Ac.h5,89,b'Ac',225.049898,O4,88.0
Ac.h5,89,b'Ac',225.049898,O5,83.0
Ac.h5,89,b'Ac',225.049898,P1,45.0
Ac.h5,89,b'Ac',225.049898,P2,29.0
Ac.h5,89,b'Ac',225.049898,P3,22.0
Ac.h5,89,b'Ac',225.049898,P4,6.1
Ac.h5,89,b'Ac',225.049898,P5,4.0
Ac.h5,89,b'Ac',225.049898,Q1,6.1
Rb.h5,37,b'Rb',84.7335667,K,15203.0
Rb.h5,37,b'Rb',84.7335667,L1,2068.0
Rb.h5,37,b'Rb',84.7335667,L2,1867.0
Rb.h5,37,b'Rb',84.7335667,L3,1807.0
Rb.h5,37,b'Rb',84.7335667,M1,325.0
Rb.h5,37,b'Rb',84.7335667,M2,251.0
Rb.h5,37,b'Rb',84.7335667,M3,242.0
Rb.h5,37,b'Rb',84.7335667,M4,116.0
Rb.h5,37,b'Rb',84.7335667,M5,114.0
Rb.h5,37,b'Rb',84.7335667,N1,32.0
Rb.h5,37,b'Rb',84.7335667,N2,16.0
Rb.h5,37,b'Rb',84.7335667,N3,15.3
Rb.h5,37,b'Rb',84.7335667,O1,4.18
O.h5,8,b'O',15.861953,K,538.0
O.h5,8,b'O',15.861953,L1,28.48
O.h5,8,b'O',15.861953,L2,13.62
O.h5,8,b'O',15.861953,L3,13.62
Nd.h5,60,b'Nd',143.000869,K,43575.0
Nd.h5,60,b'Nd',143.000869,L1,7132.0
Nd.h5,60,b'Nd',143.000869,L2,6727.0
Nd.h5,60,b'Nd',143.000869,L3,6213.0
Nd.h5,60,b'Nd',143.000869,M1,1580.0
Nd.h5,60,b'Nd',143.000869,M2,1408.0
Nd.h5,60,b'Nd',143.000869,M3,1303.0
Nd.h5,60,b'Nd',143.000869,M4,1005.0
Nd.h5,60,b'Nd',143.000869,M5,983.0
Nd.h5,60,b'Nd',143.000869,N1,321.0
Nd.h5,60,b'Nd',143.000869,N2,250.0
Nd.h5,60,b'Nd',143.000869,N3,230.0
Nd.h5,60,b'Nd',143.000869,N4,126.0
Nd.h5,60,b'Nd',143.000869,N5,122.0
Nd.h5,60,b'Nd',143.000869,N6,6.0
Nd.h5,60,b'Nd',143.000869,N7,6.0
Nd.h5,60,b'Nd',143.000869,O1,42.0
Nd.h5,60,b'Nd',143.000869,O2,28.0
Nd.h5,60,b'Nd',143.000869,O3,25.0
Nd.h5,60,b'Nd',143.000869,P1,5.66
Ag.h5,47,b'Ag',106.941332,K,25520.0
Ag.h5,47,b'Ag',106.941332,L1,3812.0
Ag.h5,47,b'Ag',106.941332,L2,3530.0
Ag.h5,47,b'Ag',106.941332,L3,3357.0
Ag.h5,47,b'Ag',106.941332,M1,724.0
Ag.h5,47,b'Ag',106.941332,M2,608.0
Ag.h5,47,b'Ag',106.941332,M3,577.0
Ag.h5,47,b'Ag',106.941332,M4,379.0
Ag.h5,47,b'Ag',106.941332,M5,373.0
Ag.h5,47,b'Ag',106.941332,N1,101.0
Ag.h5,47,b'Ag',106.941332,N2,69.0
Ag.h5,47,b'Ag',106.941332,N3,63.0
Ag.h5,47,b'Ag',106.941332,N4,11.0
Ag.h5,47,b'Ag',106.941332,N5,10.0
Ag.h5,47,b'Ag',106.941332,O1,7.58
S.h5,16,b'S',31.7845803,K,2476.0
S.h5,16,b'S',31.7845803,L1,232.0
S.h5,16,b'S',31.7845803,L2,170.0
S.h5,16,b'S',31.7845803,L3,168.0
S.h5,16,b'S',31.7845803,M1,20.2
S.h5,16,b'S',31.7845803,M2,10.36
S.h5,16,b'S',31.7845803,M3,10.36
Pb.h5,82,b'Pb',205.419995,K,88011.0
Pb.h5,82,b'Pb',205.419995,L1,15867.0
Pb.h5,82,b'Pb',205.419995,L2,15206.0
Pb.h5,82,b'Pb',205.419995,L3,13041.0
Pb.h5,82,b'Pb',205.419995,M1,3857.0
Pb.h5,82,b'Pb',205.419995,M2,3560.0
Pb.h5,82,b'Pb',205.419995,M3,3072.0
Pb.h5,82,b'Pb',205.419995,M4,2592.0
Pb.h5,82,b'Pb',205.419995,M5,2490.0
Pb.h5,82,b'Pb',205.419995,N1,899.0
Pb.h5,82,b'Pb',205.419995,N2,769.0
Pb.h5,82,b'Pb',205.419995,N3,651.0
Pb.h5,82,b'Pb',205.419995,N4,441.0
Pb.h5,82,b'Pb',205.419995,N5,419.0
Pb.h5,82,b'Pb',205.419995,N6,148.0
Pb.h5,82,b'Pb',205.419995,N7,144.0
Pb.h5,82,b'Pb',205.419995,O1,153.0
Pb.h5,82,b'Pb',205.419995,O2,111.0
Pb.h5,82,b'Pb',205.419995,O3,90.0
Pb.h5,82,b'Pb',205.419995,O4,27.0
Pb.h5,82,b'Pb',205.419995,O5,25.0
Pb.h5,82,b'Pb',205.419995,P1,15.05
Pb.h5,82,b'Pb',205.419995,P2,7.42
Pb.h5,82,b'Pb',205.419995,P3,7.42
Tc.h5,43,b'Tc',97.1581056,K,21050.0
Tc.h5,43,b'Tc',97.1581056,L1,3048.0
Tc.h5,43,b'Tc',97.1581056,L2,2800.0
Tc.h5,43,b'Tc',97.1581056,L3,2683.0
Tc.h5,43,b'Tc',97.1581056,M1,551.0
Tc.h5,43,b'Tc',97.1581056,M2,451.0
Tc.h5,43,b'Tc',97.1581056,M3,432.0
Tc.h5,43,b'Tc',97.1581056,M4,263.0
Tc.h5,43,b'Tc',97.1581056,M5,259.0
Tc.h5,43,b'Tc',97.1581056,N1,74.0
Tc.h5,43,b'Tc',97.1581056,N2,49.0
Tc.h5,43,b'Tc',97.1581056,N3,45.0
Tc.h5,43,b'Tc',97.1581056,N4,8.6
Tc.h5,43,b'Tc',97.1581056,N5,8.6
Tc.h5,43,b'Tc',97.1581056,O1,8.27
K.h5,19,b'K',38.7624159,K,3610.0
K.h5,19,b'K',38.7624159,L1,381.0
K.h5,19,b'K',38.7624159,L2,299.0
K.h5,19,b'K',38.7624159,L3,296.0
K.h5,19,b'K',38.7624159,M1,37.0
K.h5,19,b'K',38.7624159,M2,19.0
K.h5,19,b'K',38.7624159,M3,18.7
K.h5,19,b'K',38.7624159,N1,4.34
Al.h5,13,b'Al',26.7497084,K,1564.0
Al.h5,13,b'Al',26.7497084,L1,121.0
Al.h5,13,b'Al',26.7497084,L2,77.0
Al.h5,13,b'Al',26.7497084,L3,77.0
Al.h5,13,b'Al',26.7497084,M1,9.07
Al.h5,13,b'Al',26.7497084,M2,5.99
Al.h5,13,b'Al',26.7497084,M3,5.99
Sm.h5,62,b'Sm',149.10795,K,46837.0
Sm.h5,62,b'Sm',149.10795,L1,7740.0
Sm.h5,62,b'Sm',149.10795,L2,7315.0
Sm.h5,62,b'Sm',149.10795,L3,6720.0
Sm.h5,62,b'Sm',149.10795,M1,1728.0
Sm.h5,62,b'Sm',149.10795,M2,1546.0
Sm.h5,62,b'Sm',149.10795,M3,1422.0
Sm.h5,62,b'Sm',149.10795,M4,1110.0
Sm.h5,62,b'Sm',149.10795,M5,1083.0
Sm.h5,62,b'Sm',149.10795,N1,349.0
Sm.h5,62,b'Sm',149.10795,N2,273.0
Sm.h5,62,b'Sm',149.10795,N3,251.0
Sm.h5,62,b'Sm',149.10795,N4,137.0
Sm.h5,62,b'Sm',149.10795,N5,132.0
Sm.h5,62,b'Sm',149.10795,N6,6.0
Sm.h5,62,b'Sm',149.10795,N7,6.0
Sm.h5,62,b'Sm',149.10795,O1,44.0
Sm.h5,62,b'Sm',149.10795,O2,29.0
Sm.h5,62,b'Sm',149.10795,O3,25.0
Sm.h5,62,b'Sm',149.10795,P1,5.63
Ir.h5,77,b'Ir',190.568684,K,76115.0
Ir.h5,77,b'Ir',190.568684,L1,13422.0
Ir.h5,77,b'Ir',190.568684,L2,12828.0
Ir.h5,77,b'Ir',190.568684,L3,11219.0
Ir.h5,77,b'Ir',190.568684,M1,3175.0
Ir.h5,77,b'Ir',190.568684,M2,2912.0
Ir.h5,77,b'Ir',190.568684,M3,2554.0
Ir.h5,77,b'Ir',190.568684,M4,2119.0
Ir.h5,77,b'Ir',190.568684,M5,2044.0
Ir.h5,77,b'Ir',190.568684,N1,693.0
Ir.h5,77,b'Ir',190.568684,N2,581.0
Ir.h5,77,b'Ir',190.568684,N3,497.0
Ir.h5,77,b'Ir',190.568684,N4,314.0
Ir.h5,77,b'Ir',190.568684,N5,298.0
Ir.h5,77,b'Ir',190.568684,N6,67.0
Ir.h5,77,b'Ir',190.568684,N7,64.0
Ir.h5,77,b'Ir',190.568684,O1,99.0
Ir.h5,77,b'Ir',190.568684,O2,66.0
Ir.h5,77,b'Ir',190.568684,O3,53.0
Ir.h5,77,b'Ir',190.568684,O4,9.6
Ir.h5,77,b'Ir',190.568684,O5,9.6
Eu.h5,63,b'Eu',150.654548,K,48522.0
Eu.h5,63,b'Eu',150.654548,L1,8056.0
Eu.h5,63,b'Eu',150.654548,L2,7621.0
Eu.h5,63,b'Eu',150.654548,L3,6981.0
Eu.h5,63,b'Eu',150.654548,M1,1805.0
Eu.h5,63,b'Eu',150.654548,M2,1618.0
Eu.h5,63,b'Eu',150.654548,M3,1484.0
Eu.h5,63,b'Eu',150.654548,M4,1164.0
Eu.h5,63,b'Eu',150.654548,M5,1135.0
Eu.h5,63,b'Eu',150.654548,N1,364.0
Eu.h5,63,b'Eu',150.654548,N2,286.0
Eu.h5,63,b'Eu',150.654548,N3,262.0
Eu.h5,63,b'Eu',150.654548,N4,143.0
Eu.h5,63,b'Eu',150.654548,N5,137.0
Eu.h5,63,b'Eu',150.654548,N6,6.0
Eu.h5,63,b'Eu',150.654548,N7,6.0
Eu.h5,63,b'Eu',150.654548,O1,45.0
Eu.h5,63,b'Eu',150.654548,O2,30.0
Eu.h5,63,b'Eu',150.654548,O3,26.0
Eu.h5,63,b'Eu',150.654548,P1,5.68
Ru.h5,44,b'Ru',100.201732,K,22123.0
Ru.h5,44,b'Ru',100.201732,L1,3230.0
Ru.h5,44,b'Ru',100.201732,L2,2973.0
Ru.h5,44,b'Ru',100.201732,L3,2844.0
Ru.h5,44,b'Ru',100.201732,M1,592.0
Ru.h5,44,b'Ru',100.201732,M2,488.0
Ru.h5,44,b'Ru',100.201732,M3,466.0
Ru.h5,44,b'Ru',100.201732,M4,290.0
Ru.h5,44,b'Ru',100.201732,M5,286.0
Ru.h5,44,b'Ru',100.201732,N1,81.0
Ru.h5,44,b'Ru',100.201732,N2,53.0
Ru.h5,44,b'Ru',100.201732,N3,49.0
Ru.h5,44,b'Ru',100.201732,N4,8.5
Ru.h5,44,b'Ru',100.201732,N5,8.5
Ru.h5,44,b'Ru',100.201732,O1,8.12
At.h5,85,b'At',208.195941,K,95729.0
At.h5,85,b'At',208.195941,L1,17490.0
At.h5,85,b'At',208.195941,L2,16782.0
At.h5,85,b'At',208.195941,L3,14212.0
At.h5,85,b'At',208.195941,M1,4320.0
At.h5,85,b'At',208.195941,M2,4005.0
At.h5,85,b'At',208.195941,M3,3420.0
At.h5,85,b'At',208.195941,M4,2910.0
At.h5,85,b'At',208.195941,M5,2788.0
At.h5,85,b'At',208.195941,N1,1044.0
At.h5,85,b'At',208.195941,N2,904.0
At.h5,85,b'At',208.195941,N3,761.0
At.h5,85,b'At',208.195941,N4,535.0
At.h5,85,b'At',208.195941,N5,508.0
At.h5,85,b'At',208.195941,N6,217.0
At.h5,85,b'At',208.195941,N7,211.0
At.h5,85,b'At',208.195941,O1,196.0
At.h5,85,b'At',208.195941,O2,153.0
At.h5,85,b'At',208.195941,O3,123.0
At.h5,85,b'At',208.195941,O4,48.0
At.h5,85,b'At',208.195941,O5,44.0
At.h5,85,b'At',208.195941,P1,23.01
At.h5,85,b'At',208.195941,P2,11.0
At.h5,85,b'At',208.195941,P3,9.3
Th.h5,90,b'Th',230.044617,K,109650.0
Th.h5,90,b'Th',230.044617,L1,20475.0
Th.h5,90,b'Th',230.044617,L2,19696.0
Th.h5,90,b'Th',230.044617,L3,16303.0
Th.h5,90,b'Th',230.044617,M1,5185.0
Th.h5,90,b'Th',230.044617,M2,4833.0
Th.h5,90,b'Th',230.044617,M3,4049.0
Th.h5,90,b'Th',230.044617,M4,3494.0
Th.h5,90,b'Th',230.044617,M5,3335.0
Th.h5,90,b'Th',230.044617,N1,1333.0
Th.h5,90,b'Th',230.044617,N2,1171.0
Th.h5,90,b'Th',230.044617,N3,970.0
Th.h5,90,b'Th',230.044617,N4,717.0
Th.h5,90,b'Th',230.044617,N5,679.0
Th.h5,90,b'Th',230.044617,N6,347.0
Th.h5,90,b'Th',230.044617,N7,338.0
Th.h5,90,b'Th',230.044617,O1,293.0
Th.h5,90,b'Th',230.044617,O2,233.0
Th.h5,90,b'Th',230.044617,O3,185.0
Th.h5,90,b'Th',230.044617,O4,97.0
Th.h5,90,b'Th',230.044617,O5,91.0
Th.h5,90,b'Th',230.044617,P1,50.0
Th.h5,90,b'Th',230.044617,P2,33.0
Th.h5,90,b'Th',230.044617,P3,25.0
Th.h5,90,b'Th',230.044617,P4,6.0
Th.h5,90,b'Th',230.044617,P5,4.06
Th.h5,90,b'Th',230.044617,Q1,6.0
Pm.h5,61,b'Pm',143.75434,K,45188.0
Pm.h5,61,b'Pm',143.75434,L1,7432.0
Pm.h5,61,b'Pm',143.75434,L2,7017.0
Pm.h5,61,b'Pm',143.75434,L3,6464.0
Pm.h5,61,b'Pm',143.75434,M1,1653.0
Pm.h5,61,b'Pm',143.75434,M2,1476.0
Pm.h5,61,b'Pm',143.75434,M3,1362.0
Pm.h5,61,b'Pm',143.75434,M4,1057.0
Pm.h5,61,b'Pm',143.75434,M5,1032.0
Pm.h5,61,b'Pm',143.75434,N1,335.0
Pm.h5,61,b'Pm',143.75434,N2,261.0
Pm.h5,61,b'Pm',143.75434,N3,240.0
Pm.h5,61,b'Pm',143.75434,N4,131.0
Pm.h5,61,b'Pm',143.75434,N5,127.0
Pm.h5,61,b'Pm',143.75434,N6,6.0
Pm.h5,61,b'Pm',143.75434,N7,6.0
Pm.h5,61,b'Pm',143.75434,O1,43.0
Pm.h5,61,b'Pm',143.75434,O2,28.0
Pm.h5,61,b'Pm',143.75434,O3,25.0
Pm.h5,61,b'Pm',143.75434,P1,5.7
Os.h5,76,b'Os',188.566038,K,73876.0
Os.h5,76,b'Os',188.566038,L1,12972.0
Os.h5,76,b'Os',188.566038,L2,12390.0
Os.h5,76,b'Os',188.566038,L3,10876.0
Os.h5,76,b'Os',188.566038,M1,3054.0
Os.h5,76,b'Os',188.566038,M2,2797.0
Os.h5,76,b'Os',188.566038,M3,2461.0
Os.h5,76,b'Os',188.566038,M4,2035.0
Os.h5,76,b'Os',188.566038,M5,1964.0
Os.h5,76,b'Os',188.566038,N1,660.0
Os.h5,76,b'Os',188.566038,N2,551.0
Os.h5,76,b'Os',188.566038,N3,473.0
Os.h5,76,b'Os',188.566038,N4,295.0
Os.h5,76,b'Os',188.566038,N5,280.0
Os.h5,76,b'Os',188.566038,N6,56.0
Os.h5,76,b'Os',188.566038,N7,54.0
Os.h5,76,b'Os',188.566038,O1,92.0
Os.h5,76,b'Os',188.566038,O2,61.0
Os.h5,76,b'Os',188.566038,O3,49.0
Os.h5,76,b'Os',188.566038,O4,9.6
Os.h5,76,b'Os',188.566038,O5,8.87
Os.h5,76,b'Os',188.566038,P1,8.87
Mo.h5,42,b'Mo',95.1158025,K,20006.0
Mo.h5,42,b'Mo',95.1158025,L1,2872.0
Mo.h5,42,b'Mo',95.1158025,L2,2632.0
Mo.h5,42,b'Mo',95.1158025,L3,2527.0
Mo.h5,42,b'Mo',95.1158025,M1,511.0
Mo.h5,42,b'Mo',95.1158025,M2,416.0
Mo.h5,42,b'Mo',95.1158025,M3,399.0
Mo.h5,42,b'Mo',95.1158025,M4,237.0
Mo.h5,42,b'Mo',95.1158025,M5,234.0
Mo.h5,42,b'Mo',95.1158025,N1,68.0
Mo.h5,42,b'Mo',95.1158025,N2,45.0
Mo.h5,42,b'Mo',95.1158025,N3,42.0
Mo.h5,42,b'Mo',95.1158025,N4,8.32
Mo.h5,42,b'Mo',95.1158025,N5,8.32
Mo.h5,42,b'Mo',95.1158025,O1,8.32
Si.h5,14,b'Si',27.8442242,K,1844.0
Si.h5,14,b'Si',27.8442242,L1,154.0
Si.h5,14,b'Si',27.8442242,L2,104.0
Si.h5,14,b'Si',27.8442242,L3,104.0
Si.h5,14,b'Si',27.8442242,M1,13.46
Si.h5,14,b'Si',27.8442242,M2,8.15
Si.h5,14,b'Si',27.8442242,M3,8.15
Pu.h5,94,b'Pu',241.903855,K,121800.0
Pu.h5,94,b'Pu',241.903855,L1,23109.0
Pu.h5,94,b'Pu',241.903855,L2,22267.0
Pu.h5,94,b'Pu',241.903855,L3,18059.0
Pu.h5,94,b'Pu',241.903855,M1,5936.0
Pu.h5,94,b'Pu',241.903855,M2,5557.0
Pu.h5,94,b'Pu',241.903855,M3,4574.0
Pu.h5,94,b'Pu',241.903855,M4,3977.0
Pu.h5,94,b'Pu',241.903855,M5,3783.0
Pu.h5,94,b'Pu',241.903855,N1,1563.0
Pu.h5,94,b'Pu',241.903855,N2,1384.0
Pu.h5,94,b'Pu',241.903855,N3,1128.0
Pu.h5,94,b'Pu',241.903855,N4,853.0
Pu.h5,94,b'Pu',241.903855,N5,805.0
Pu.h5,94,b'Pu',241.903855,N6,446.0
Pu.h5,94,b'Pu',241.903855,N7,434.0
Pu.h5,94,b'Pu',241.903855,O1,356.0
Pu.h5,94,b'Pu',241.903855,O2,287.0
Pu.h5,94,b'Pu',241.903855,O3,219.0
Pu.h5,94,b'Pu',241.903855,O4,122.0
Pu.h5,94,b'Pu',241.903855,O5,111.0
Pu.h5,94,b'Pu',241.903855,O6,6.0
Pu.h5,94,b'Pu',241.903855,O7,6.25
Pu.h5,94,b'Pu',241.903855,P1,53.0
Pu.h5,94,b'Pu',241.903855,P2,34.0
Pu.h5,94,b'Pu',241.903855,P3,23.0
Pu.h5,94,b'Pu',241.903855,Q1,6.0
In.h5,49,b'In',113.833609,K,27944.0
In.h5,49,b'In',113.833609,L1,4242.0
In.h5,49,b'In',113.833609,L2,3943.0
In.h5,49,b'In',113.833609,L3,3735.0
In.h5,49,b'In',113.833609,M1,830.0
In.h5,49,b'In',113.833609,M2,707.0
In.h5,49,b'In',113.833609,M3,669.0
In.h5,49,b'In',113.833609,M4,455.0
In.h5,49,b'In',113.833609,M5,447.0
In.h5,49,b'In',113.833609,N1,126.0
In.h5,49,b'In',113.833609,N2,90.0
In.h5,49,b'In',113.833609,N3,82.0
In.h5,49,b'In',113.833609,N4,21.0
In.h5,49,b'In',113.833609,N5,20.0
In.h5,49,b'In',113.833609,O1,8.6
In.h5,49,b'In',113.833609,O2,7.2
In.h5,49,b'In',113.833609,O3,5.79
Tl.h5,81,b'Tl',202.614307,K,85536.0
Tl.h5,81,b'Tl',202.614307,L1,15350.0
Tl.h5,81,b'Tl',202.614307,L2,14704.0
Tl.h5,81,b'Tl',202.614307,L3,12662.0
Tl.h5,81,b'Tl',202.614307,M1,3710.0
Tl.h5,81,b'Tl',202.614307,M2,3420.0
Tl.h5,81,b'Tl',202.614307,M3,2961.0
Tl.h5,81,b'Tl',202.614307,M4,2490.0
Tl.h5,81,b'Tl',202.614307,M5,2394.0
Tl.h5,81,b'Tl',202.614307,N1,852.0
Tl.h5,81,b'Tl',202.614307,N2,726.0
Tl.h5,81,b'Tl',202.614307,N3,615.0
Tl.h5,81,b'Tl',202.614307,N4,411.0
Tl.h5,81,b'Tl',202.614307,N5,391.0
Tl.h5,81,b'Tl',202.614307,N6,127.0
Tl.h5,81,b'Tl',202.614307,N7,123.0
Tl.h5,81,b'Tl',202.614307,O1,139.0
Tl.h5,81,b'Tl',202.614307,O2,98.0
Tl.h5,81,b'Tl',202.614307,O3,79.0
Tl.h5,81,b'Tl',202.614307,O4,21.0
Tl.h5,81,b'Tl',202.614307,O5,19.0
Tl.h5,81,b'Tl',202.614307,P1,12.36
Tl.h5,81,b'Tl',202.614307,P2,6.11
Tl.h5,81,b'Tl',202.614307,P3,6.11
Fm.h5,100,b'Fm',254.792175,K,141962.0
Fm.h5,100,b'Fm',254.792175,L1,27581.0
Fm.h5,100,b'Fm',254.792175,L2,26642.0
Fm.h5,100,b'Fm',254.792175,L3,20872.0
Fm.h5,100,b'Fm',254.792175,M1,7187.0
Fm.h5,100,b'Fm',254.792175,M2,6791.0
Fm.h5,100,b'Fm',254.792175,M3,5399.0
Fm.h5,100,b'Fm',254.792175,M4,4767.0
Fm.h5,100,b'Fm',254.792175,M5,4498.0
Fm.h5,100,b'Fm',254.792175,N1,1933.0
Fm.h5,100,b'Fm',254.792175,N2,1746.0
Fm.h5,100,b'Fm',254.792175,N3,1366.0
Fm.h5,100,b'Fm',254.792175,N4,1068.0
Fm.h5,100,b'Fm',254.792175,N5,1000.0
Fm.h5,100,b'Fm',254.792175,N6,606.0
Fm.h5,100,b'Fm',254.792175,N7,587.0
Fm.h5,100,b'Fm',254.792175,O1,453.0
Fm.h5,100,b'Fm',254.792175,O2,375.0
Fm.h5,100,b'Fm',254.792175,O3,275.0
Fm.h5,100,b'Fm',254.792175,O4,160.0
Fm.h5,100,b'Fm',254.792175,O5,145.0
Fm.h5,100,b'Fm',254.792175,O6,15.0
Fm.h5,100,b'Fm',254.792175,O7,15.0
Fm.h5,100,b'Fm',254.792175,P1,69.0
Fm.h5,100,b'Fm',254.792175,P2,45.0
Fm.h5,100,b'Fm',254.792175,P3,29.0
Fm.h5,100,b'Fm',254.792175,Q1,7.0
Kr.h5,36,b'Kr',83.0800944,K,14327.0
Kr.h5,36,b'Kr',83.0800944,L1,1924.6
Kr.h5,36,b'Kr',83.0800944,L2,1730.9
Kr.h5,36,b'Kr',83.0800944,L3,1678.4
Kr.h5,36,b'Kr',83.0800944,M1,292.8
Kr.h5,36,b'Kr',83.0800944,M2,222.2
Kr.h5,36,b'Kr',83.0800944,M3,214.4
Kr.h5,36,b'Kr',83.0800944,M4,95.0
Kr.h5,36,b'Kr',83.0800944,M5,93.8
Kr.h5,36,b'Kr',83.0800944,N1,27.51
Kr.h5,36,b'Kr',83.0800944,N2,14.65
Kr.h5,36,b'Kr',83.0800944,N3,14.0
Cl.h5,17,b'Cl',35.1484318,K,2829.0
Cl.h5,17,b'Cl',35.1484318,L1,277.0
Cl.h5,17,b'Cl',35.1484318,L2,208.0
Cl.h5,17,b'Cl',35.1484318,L3,206.0
Cl.h5,17,b'Cl',35.1484318,M1,24.54
Cl.h5,17,b'Cl',35.1484318,M2,12.97
Cl.h5,17,b'Cl',35.1484318,M3,12.97
Ho.h5,67,b'Ho',163.513126,K,55622.0
Ho.h5,67,b'Ho',163.513126,L1,9398.0
Ho.h5,67,b'Ho',163.513126,L2,8922.0
Ho.h5,67,b'Ho',163.513126,L3,8075.0
Ho.h5,67,b'Ho',163.513126,M1,2133.0
Ho.h5,67,b'Ho',163.513126,M2,1926.0
Ho.h5,67,b'Ho',163.513126,M3,1746.0
Ho.h5,67,b'Ho',163.513126,M4,1395.0
Ho.h5,67,b'Ho',163.513126,M5,1354.0
Ho.h5,67,b'Ho',163.513126,N1,434.0
Ho.h5,67,b'Ho',163.513126,N2,348.0
Ho.h5,67,b'Ho',163.513126,N3,310.0
Ho.h5,67,b'Ho',163.513126,N4,172.0
Ho.h5,67,b'Ho',163.513126,N5,164.0
Ho.h5,67,b'Ho',163.513126,N6,6.01
Ho.h5,67,b'Ho',163.513126,N7,6.0
Ho.h5,67,b'Ho',163.513126,O1,52.0
Ho.h5,67,b'Ho',163.513126,O2,34.0
Ho.h5,67,b'Ho',163.513126,O3,29.0
Ho.h5,67,b'Ho',163.513126,P1,6.0
Zn.h5,30,b'Zn',64.8183362,K,9663.0
Zn.h5,30,b'Zn',64.8183362,L1,1198.0
Zn.h5,30,b'Zn',64.8183362,L2,1047.0
Zn.h5,30,b'Zn',64.8183362,L3,1024.0
Zn.h5,30,b'Zn',64.8183362,M1,141.0
Zn.h5,30,b'Zn',64.8183362,M2,94.0
Zn.h5,30,b'Zn',64.8183362,M3,91.0
Zn.h5,30,b'Zn',64.8183362,M4,12.0
Zn.h5,30,b'Zn',64.8183362,M5,11.2
Zn.h5,30,b'Zn',64.8183362,N1,9.39
Mn.h5,25,b'Mn',54.4660409,K,6544.0
Mn.h5,25,b'Mn',54.4660409,L1,772.92
Mn.h5,25,b'Mn',54.4660409,L2,656.0
Mn.h5,25,b'Mn',54.4660409,L3,645.0
Mn.h5,25,b'Mn',54.4660409,M1,89.0
Mn.h5,25,b'Mn',54.4660409,M2,55.0
Mn.h5,25,b'Mn',54.4660409,M3,53.0
Mn.h5,25,b'Mn',54.4660409,M4,9.0
Mn.h5,25,b'Mn',54.4660409,M5,9.0
Mn.h5,25,b'Mn',54.4660409,N1,7.43
Cu.h5,29,b'Cu',63.0000916,K,8986.0
Cu.h5,29,b'Cu',63.0000916,L1,1103.0
Cu.h5,29,b'Cu',63.0000916,L2,958.0
Cu.h5,29,b'Cu',63.0000916,L3,938.0
Cu.h5,29,b'Cu',63.0000916,M1,127.0
Cu.h5,29,b'Cu',63.0000916,M2,82.0
Cu.h5,29,b'Cu',63.0000916,M3,80.0
Cu.h5,29,b'Cu',63.0000916,M4,11.0
Cu.h5,29,b'Cu',63.0000916,M5,10.4
Cu.h5,29,b'Cu',63.0000916,N1,7.73
Pt.h5,78,b'Pt',193.414029,K,78399.0
Pt.h5,78,b'Pt',193.414029,L1,13883.0
Pt.h5,78,b'Pt',193.414029,L2,13277.0
Pt.h5,78,b'Pt',193.414029,L3,11567.0
Pt.h5,78,b'Pt',193.414029,M1,3300.0
Pt.h5,78,b'Pt',193.414029,M2,3030.0
Pt.h5,78,b'Pt',193.414029,M3,2649.0
Pt.h5,78,b'Pt',193.414029,M4,2206.0
Pt.h5,78,b'Pt',193.414029,M5,2126.0
Pt.h5,78,b'Pt',193.414029,N1,727.0
Pt.h5,78,b'Pt',193.414029,N2,612.0
Pt.h5,78,b'Pt',193.414029,N3,522.0
Pt.h5,78,b'Pt',193.414029,N4,335.0
Pt.h5,78,b'Pt',193.414029,N5,318.0
Pt.h5,78,b'Pt',193.414029,N6,78.0
Pt.h5,78,b'Pt',193.414029,N7,75.0
Pt.h5,78,b'Pt',193.414029,O1,106.0
Pt.h5,78,b'Pt',193.414029,O2,71.0
Pt.h5,78,b'Pt',193.414029,O3,57.0
Pt.h5,78,b'Pt',193.414029,O4,9.6
Pt.h5,78,b'Pt',193.414029,O5,9.6
Pt.h5,78,b'Pt',193.414029,P1,9.0
Rh.h5,45,b'Rh',102.020968,K,23225.0
Rh.h5,45,b'Rh',102.020968,L1,3418.0
Rh.h5,45,b'Rh',102.020968,L2,3152.0
Rh.h5,45,b'Rh',102.020968,L3,3010.0
Rh.h5,45,b'Rh',102.020968,M1,634.0
Rh.h5,45,b'Rh',102.020968,M2,526.0
Rh.h5,45,b'Rh',102.020968,M3,501.0
Rh.h5,45,b'Rh',102.020968,M4,318.0
Rh.h5,45,b'Rh',102.020968,M5,313.0
Rh.h5,45,b'Rh',102.020968,N1,87.0
Rh.h5,45,b'Rh',102.020968,N2,58.0
Rh.h5,45,b'Rh',102.020968,N3,53.0
Rh.h5,45,b'Rh',102.020968,N4,9.56
Rh.h5,45,b'Rh',102.020968,N5,9.56
Rh.h5,45,b'Rh',102.020968,O1,8.86
Tm.h5,69,b'Tm',167.482729,K,59393.0
Tm.h5,69,b'Tm',167.482729,L1,10118.0
Tm.h5,69,b'Tm',167.482729,L2,9620.0
Tm.h5,69,b'Tm',167.482729,L3,8651.0
Tm.h5,69,b'Tm',167.482729,M1,2309.0
Tm.h5,69,b'Tm',167.482729,M2,2092.0
Tm.h5,69,b'Tm',167.482729,M3,1885.0
Tm.h5,69,b'Tm',167.482729,M4,1518.0
Tm.h5,69,b'Tm',167.482729,M5,1471.0
Tm.h5,69,b'Tm',167.482729,N1,471.0
Tm.h5,69,b'Tm',167.482729,N2,382.0
Tm.h5,69,b'Tm',167.482729,N3,336.0
Tm.h5,69,b'Tm',167.482729,N4,190.0
Tm.h5,69,b'Tm',167.482729,N5,181.0
Tm.h5,69,b'Tm',167.482729,N6,7.0
Tm.h5,69,b'Tm',167.482729,N7,6.45
Tm.h5,69,b'Tm',167.482729,O1,56.0
Tm.h5,69,b'Tm',167.482729,O2,36.0
Tm.h5,69,b'Tm',167.482729,O3,30.0
Tm.h5,69,b'Tm',167.482729,P1,6.45
Cm.h5,96,b'Cm',244.878082,K,128260.0
Cm.h5,96,b'Cm',244.878082,L1,24523.0
Cm.h5,96,b'Cm',244.878082,L2,23654.0
Cm.h5,96,b'Cm',244.878082,L3,18974.0
Cm.h5,96,b'Cm',244.878082,M1,6313.0
Cm.h5,96,b'Cm',244.878082,M2,5946.0
Cm.h5,96,b'Cm',244.878082,M3,4828.0
Cm.h5,96,b'Cm',244.878082,M4,4236.0
Cm.h5,96,b'Cm',244.878082,M5,4014.0
Cm.h5,96,b'Cm',244.878082,N1,1664.0
Cm.h5,96,b'Cm',244.878082,N2,1493.0
Cm.h5,96,b'Cm',244.878082,N3,1194.0
Cm.h5,96,b'Cm',244.878082,N4,919.0
Cm.h5,96,b'Cm',244.878082,N5,864.0
Cm.h5,96,b'Cm',244.878082,N6,494.0
Cm.h5,96,b'Cm',244.878082,N7,479.0
Cm.h5,96,b'Cm',244.878082,O1,384.0
Cm.h5,96,b'Cm',244.878082,O2,314.0
Cm.h5,96,b'Cm',244.878082,O3,239.0
Cm.h5,96,b'Cm',244.878082,O4,126.0
Cm.h5,96,b'Cm',244.878082,O5,119.0
Cm.h5,96,b'Cm',244.878082,O6,11.0
Cm.h5,96,b'Cm',244.878082,O7,11.0
Cm.h5,96,b'Cm',244.878082,P1,60.0
Cm.h5,96,b'Cm',244.878082,P2,39.0
Cm.h5,96,b'Cm',244.878082,P3,27.0
Cm.h5,96,b'Cm',244.878082,P4,5.67
Cm.h5,96,b'Cm',244.878082,P5,3.93
Cm.h5,96,b'Cm',244.878082,Q1,6.18
Am.h5,95,b'Am',240.912445,K,124980.0
Am.h5,95,b'Am',240.912445,L1,23803.0
Am.h5,95,b'Am',240.912445,L2,22949.0
Am.h5,95,b'Am',240.912445,L3,18512.0
Am.h5,95,b'Am',240.912445,M1,6135.0
Am.h5,95,b'Am',240.912445,M2,5748.0
Am.h5,95,b'Am',240.912445,M3,4710.0
Am.h5,95,b'Am',240.912445,M4,4102.0
Am.h5,95,b'Am',240.912445,M5,3898.0
Am.h5,95,b'Am',240.912445,N1,1623.0
Am.h5,95,b'Am',240.912445,N2,1439.0
Am.h5,95,b'Am',240.912445,N3,1167.0
Am.h5,95,b'Am',240.912445,N4,887.0
Am.h5,95,b'Am',240.912445,N5,836.0
Am.h5,95,b'Am',240.912445,N6,467.0
Am.h5,95,b'Am',240.912445,N7,452.0
Am.h5,95,b'Am',240.912445,O1,355.0
Am.h5,95,b'Am',240.912445,O2,301.0
Am.h5,95,b'Am',240.912445,O3,220.0
Am.h5,95,b'Am',240.912445,O4,123.0
Am.h5,95,b'Am',240.912445,O5,112.0
Am.h5,95,b'Am',240.912445,O6,6.0
Am.h5,95,b'Am',240.912445,O7,7.0
Am.h5,95,b'Am',240.912445,P1,54.0
Am.h5,95,b'Am',240.912445,P2,36.41
Am.h5,95,b'Am',240.912445,P3,24.92
Am.h5,95,b'Am',240.912445,Q1,6.0
Y.h5,39,b'Y',88.1421308,K,17041.0
Y.h5,39,b'Y',88.1421308,L1,2375.0
Y.h5,39,b'Y',88.1421308,L2,2158.0
Y.h5,39,b'Y',88.1421308,L3,2083.0
Y.h5,39,b'Y',88.1421308,M1,397.0
Y.h5,39,b'Y',88.1421308,M2,315.0
Y.h5,39,b'Y',88.1421308,M3,304.0
Y.h5,39,b'Y',88.1421308,M4,163.0
Y.h5,39,b'Y',88.1421308,M5,161.0
Y.h5,39,b'Y',88.1421308,N1,48.0
Y.h5,39,b'Y',88.1421308,N2,30.0
Y.h5,39,b'Y',88.1421308,N3,29.0
Y.h5,39,b'Y',88.1421308,N4,6.45
Y.h5,39,b'Y',88.1421308,N5,6.45
Y.h5,39,b'Y',88.1421308,O1,6.45
Bi.h5,83,b'Bi',207.184703,K,90534.0
Bi.h5,83,b'Bi',207.184703,L1,16396.0
Bi.h5,83,b'Bi',207.184703,L2,15719.0
Bi.h5,83,b'Bi',207.184703,L3,13426.0
Bi.h5,83,b'Bi',207.184703,M1,4007.0
Bi.h5,83,b'Bi',207.184703,M2,3704.0
Bi.h5,83,b'Bi',207.184703,M3,3185.0
Bi.h5,83,b'Bi',207.184703,M4,2696.0
Bi.h5,83,b'Bi',207.184703,M5,2588.0
Bi.h5,83,b'Bi',207.184703,N1,946.0
Bi.h5,83,b'Bi',207.184703,N2,813.0
Bi.h5,83,b'Bi',207.184703,N3,687.0
Bi.h5,83,b'Bi',207.184703,N4,472.0
Bi.h5,83,b'Bi',207.184703,N5,448.0
Bi.h5,83,b'Bi',207.184703,N6,170.0
Bi.h5,83,b'Bi',207.184703,N7,165.0
Bi.h5,83,b'Bi',207.184703,O1,167.0
Bi.h5,83,b'Bi',207.184703,O2,125.0
Bi.h5,83,b'Bi',207.184703,O3,101.0
Bi.h5,83,b'Bi',207.184703,O4,34.0
Bi.h5,83,b'Bi',207.184703,O5,32.0
Bi.h5,83,b'Bi',207.184703,P1,17.69
Bi.h5,83,b'Bi',207.184703,P2,7.29
Bi.h5,83,b'Bi',207.184703,P3,7.29
Au.h5,79,b'Au',195.273912,K,80729.0
Au.h5,79,b'Au',195.273912,L1,14356.0
Au.h5,79,b'Au',195.273912,L2,13738.0
Au.h5,79,b'Au',195.273912,L3,11923.0
Au.h5,79,b'Au',195.273912,M1,3430.0
Au.h5,79,b'Au',195.273912,M2,3153.0
Au.h5,79,b'Au',195.273912,M3,2748.0
Au.h5,79,b'Au',195.273912,M4,2295.0
Au.h5,79,b'Au',195.273912,M5,2210.0
Au.h5,79,b'Au',195.273912,N1,764.0
Au.h5,79,b'Au',195.273912,N2,645.0
Au.h5,79,b'Au',195.273912,N3,548.0
Au.h5,79,b'Au',195.273912,N4,357.0
Au.h5,79,b'Au',195.273912,N5,339.0
Au.h5,79,b'Au',195.273912,N6,91.0
Au.h5,79,b'Au',195.273912,N7,87.0
Au.h5,79,b'Au',195.273912,O1,114.0
Au.h5,79,b'Au',195.273912,O2,76.0
Au.h5,79,b'Au',195.273912,O3,61.0
Au.h5,79,b'Au',195.273912,O4,12.5
Au.h5,79,b'Au',195.273912,O5,11.1
Au.h5,79,b'Au',195.273912,P1,9.23
Ti.h5,22,b'Ti',47.4885026,K,4970.0
Ti.h5,22,b'Ti',47.4885026,L1,567.0
Ti.h5,22,b'Ti',47.4885026,L2,465.0
Ti.h5,22,b'Ti',47.4885026,L3,459.0
Ti.h5,22,b'Ti',47.4885026,M1,64.0
Ti.h5,22,b'Ti',47.4885026,M2,39.0
Ti.h5,22,b'Ti',47.4885026,M3,38.0
Ti.h5,22,b'Ti',47.4885026,M4,8.0
Ti.h5,22,b'Ti',47.4885026,M5,8.0
Ti.h5,22,b'Ti',47.4885026,N1,6.82
Zr.h5,40,b'Zr',90.4363509,K,18002.0
Zr.h5,40,b'Zr',90.4363509,L1,2536.0
Zr.h5,40,b'Zr',90.4363509,L2,2311.0
Zr.h5,40,b'Zr',90.4363509,L3,2227.0
Zr.h5,40,b'Zr',90.4363509,M1,434.0
Zr.h5,40,b'Zr',90.4363509,M2,348.0
Zr.h5,40,b'Zr',90.4363509,M3,335.0
Zr.h5,40,b'Zr',90.4363509,M4,187.0
Zr.h5,40,b'Zr',90.4363509,M5,185.0
Zr.h5,40,b'Zr',90.4363509,N1,56.0
Zr.h5,40,b'Zr',90.4363509,N2,35.0
Zr.h5,40,b'Zr',90.4363509,N3,33.0
Zr.h5,40,b'Zr',90.4363509,N4,7.72
Zr.h5,40,b'Zr',90.4363509,N5,7.72
Zr.h5,40,b'Zr',90.4363509,O1,7.72
Es.h5,99,b'Es',249.835129,K,138440.0
Es.h5,99,b'Es',249.835129,L1,26781.0
Es.h5,99,b'Es',249.835129,L2,25859.0
Es.h5,99,b'Es',249.835129,L3,20383.0
Es.h5,99,b'Es',249.835129,M1,6954.0
Es.h5,99,b'Es',249.835129,M2,6566.0
Es.h5,99,b'Es',249.835129,M3,5247.0
Es.h5,99,b'Es',249.835129,M4,4625.0
Es.h5,99,b'Es',249.835129,M5,4369.0
Es.h5,99,b'Es',249.835129,N1,1857.0
Es.h5,99,b'Es',249.835129,N2,1674.0
Es.h5,99,b'Es',249.835129,N3,1316.0
Es.h5,99,b'Es',249.835129,N4,1024.0
Es.h5,99,b'Es',249.835129,N5,959.0
Es.h5,99,b'Es',249.835129,N6,573.0
Es.h5,99,b'Es',249.835129,N7,554.0
Es.h5,99,b'Es',249.835129,O1,429.0
Es.h5,99,b'Es',249.835129,O2,353.0
Es.h5,99,b'Es',249.835129,O3,260.0
Es.h5,99,b'Es',249.835129,O4,148.0
Es.h5,99,b'Es',249.835129,O5,135.0
Es.h5,99,b'Es',249.835129,O6,9.0
Es.h5,99,b'Es',249.835129,O7,9.0
Es.h5,99,b'Es',249.835129,P1,63.0
Es.h5,99,b'Es',249.835129,P2,40.0
Es.h5,99,b'Es',249.835129,P3,25.0
Es.h5,99,b'Es',249.835129,Q1,7.0
Po.h5,84,b'Po',207.204531,K,93106.0
Po.h5,84,b'Po',207.204531,L1,16937.0
Po.h5,84,b'Po',207.204531,L2,16244.0
Po.h5,84,b'Po',207.204531,L3,13816.0
Po.h5,84,b'Po',207.204531,M1,4161.0
Po.h5,84,b'Po',207.204531,M2,3852.0
Po.h5,84,b'Po',207.204531,M3,3301.0
Po.h5,84,b'Po',207.204531,M4,2802.0
Po.h5,84,b'Po',207.204531,M5,2687.0
Po.h5,84,b'Po',207.204531,N1,994.0
Po.h5,84,b'Po',207.204531,N2,858.0
Po.h5,84,b'Po',207.204531,N3,724.0
Po.h5,84,b'Po',207.204531,N4,503.0
Po.h5,84,b'Po',207.204531,N5,478.0
Po.h5,84,b'Po',207.204531,N6,193.0
Po.h5,84,b'Po',207.204531,N7,187.0
Po.h5,84,b'Po',207.204531,O1,181.0
Po.h5,84,b'Po',207.204531,O2,139.0
Po.h5,84,b'Po',207.204531,O3,112.0
Po.h5,84,b'Po',207.204531,O4,41.0
Po.h5,84,b'Po',207.204531,O5,38.0
Po.h5,84,b'Po',207.204531,P1,20.33
Po.h5,84,b'Po',207.204531,P2,8.95
Po.h5,84,b'Po',207.204531,P3,8.43
Ni.h5,28,b'Ni',58.1957224,K,8338.0
Ni.h5,28,b'Ni',58.1957224,L1,1015.0
Ni.h5,28,b'Ni',58.1957224,L2,877.0
Ni.h5,28,b'Ni',58.1957224,L3,860.0
Ni.h5,28,b'Ni',58.1957224,M1,117.0
Ni.h5,28,b'Ni',58.1957224,M2,75.0
Ni.h5,28,b'Ni',58.1957224,M3,73.0
Ni.h5,28,b'Ni',58.1957224,M4,10.0
Ni.h5,28,b'Ni',58.1957224,M5,10.0
Ni.h5,28,b'Ni',58.1957224,N1,7.63
Lu.h5,71,b'Lu',173.463901,K,63320.0
Lu.h5,71,b'Lu',173.463901,L1,10876.0
Lu.h5,71,b'Lu',173.463901,L2,10355.0
Lu.h5,71,b'Lu',173.463901,L3,9250.0
Lu.h5,71,b'Lu',173.463901,M1,2499.0
Lu.h5,71,b'Lu',173.463901,M2,2270.0
Lu.h5,71,b'Lu',173.463901,M3,2032.0
Lu.h5,71,b'Lu',173.463901,M4,1647.0
Lu.h5,71,b'Lu',173.463901,M5,1596.0
Lu.h5,71,b'Lu',173.463901,N1,514.0
Lu.h5,71,b'Lu',173.463901,N2,420.0
Lu.h5,71,b'Lu',173.463901,N3,366.0
Lu.h5,71,b'Lu',173.463901,N4,213.0
Lu.h5,71,b'Lu',173.463901,N5,202.0
Lu.h5,71,b'Lu',173.463901,N6,13.0
Lu.h5,71,b'Lu',173.463901,N7,12.0
Lu.h5,71,b'Lu',173.463901,O1,62.0
Lu.h5,71,b'Lu',173.463901,O2,39.0
Lu.h5,71,b'Lu',173.463901,O3,32.0
Lu.h5,71,b'Lu',173.463901,O4,6.87
Lu.h5,71,b'Lu',173.463901,O5,6.87
Lu.h5,71,b'Lu',173.463901,P1,6.87
F.h5,9,b'F',18.8351893,K,694.0
F.h5,9,b'F',18.8351893,L1,37.85
F.h5,9,b'F',18.8351893,L2,17.42
F.h5,9,b'F',18.8351893,L3,17.42
Ar.h5,18,b'Ar',39.6048163,K,3206.3
Ar.h5,18,b'Ar',39.6048163,L1,326.5
Ar.h5,18,b'Ar',39.6048163,L2,250.6
Ar.h5,18,b'Ar',39.6048163,L3,248.5
Ar.h5,18,b'Ar',39.6048163,M1,29.24
Ar.h5,18,b'Ar',39.6048163,M2,15.94
Ar.h5,18,b'Ar',39.6048163,M3,15.76
Cr.h5,24,b'Cr',51.5493149,K,5995.0
Cr.h5,24,b'Cr',51.5493149,L1,702.0
Cr.h5,24,b'Cr',51.5493149,L2,589.0
Cr.h5,24,b'Cr',51.5493149,L3,580.0
Cr.h5,24,b'Cr',51.5493149,M1,80.0
Cr.h5,24,b'Cr',51.5493149,M2,49.0
Cr.h5,24,b'Cr',51.5493149,M3,48.0
Cr.h5,24,b'Cr',51.5493149,M4,8.25
Cr.h5,24,b'Cr',51.5493149,M5,8.25
Cr.h5,24,b'Cr',51.5493149,N1,7.51
Li.h5,3,b'Li',6.88137154,K,58.0
Li.h5,3,b'Li',6.88137154,L1,5.39
Br.h5,35,b'Br',79.217564,K,13481.0
Br.h5,35,b'Br',79.217564,L1,1787.0
Br.h5,35,b'Br',79.217564,L2,1602.0
Br.h5,35,b'Br',79.217564,L3,1556.0
Br.h5,35,b'Br',79.217564,M1,262.0
Br.h5,35,b'Br',79.217564,M2,197.0
Br.h5,35,b'Br',79.217564,M3,189.0
Br.h5,35,b'Br',79.217564,M4,77.0
Br.h5,35,b'Br',79.217564,M5,76.0
Br.h5,35,b'Br',79.217564,N1,23.8
Br.h5,35,b'Br',79.217564,N2,11.85
Br.h5,35,b'Br',79.217564,N3,11.85
B.h5,5,b'B',10.7171339,K,192.0
B.h5,5,b'B',10.7171339,L1,11.39
B.h5,5,b'B',10.7171339,L2,8.3
B.h5,5,b'B',10.7171339,L3,8.3
Fr.h5,87,b'Fr',221.084261,K,101130.0
Fr.h5,87,b'Fr',221.084261,L1,18637.0
Fr.h5,87,b'Fr',221.084261,L2,17903.0
Fr.h5,87,b'Fr',221.084261,L3,15028.0
Fr.h5,87,b'Fr',221.084261,M1,4652.0
Fr.h5,87,b'Fr',221.084261,M2,4324.0
Fr.h5,87,b'Fr',221.084261,M3,3666.0
Fr.h5,87,b'Fr',221.084261,M4,3134.0
Fr.h5,87,b'Fr',221.084261,M5,2998.0
Fr.h5,87,b'Fr',221.084261,N1,1153.0
Fr.h5,87,b'Fr',221.084261,N2,1003.0
Fr.h5,87,b'Fr',221.084261,N3,839.0
Fr.h5,87,b'Fr',221.084261,N4,603.0
Fr.h5,87,b'Fr',221.084261,N5,572.0
Fr.h5,87,b'Fr',221.084261,N6,268.0
Fr.h5,87,b'Fr',221.084261,N7,260.0
Fr.h5,87,b'Fr',221.084261,O1,231.0
Fr.h5,87,b'Fr',221.084261,O2,183.0
Fr.h5,87,b'Fr',221.084261,O3,147.0
Fr.h5,87,b'Fr',221.084261,O4,65.0
Fr.h5,87,b'Fr',221.084261,O5,61.0
Fr.h5,87,b'Fr',221.084261,P1,33.0
Fr.h5,87,b'Fr',221.084261,P2,19.0
Fr.h5,87,b'Fr',221.084261,P3,14.0
Fr.h5,87,b'Fr',221.084261,Q1,4.0
Cs.h5,55,b'Cs',131.763245,K,35987.0
Cs.h5,55,b'Cs',131.763245,L1,5717.0
Cs.h5,55,b'Cs',131.763245,L2,5362.0
Cs.h5,55,b'Cs',131.763245,L3,5014.0
Cs.h5,55,b'Cs',131.763245,M1,1220.0
Cs.h5,55,b'Cs',131.763245,M2,1068.0
Cs.h5,55,b'Cs',131.763245,M3,1000.0
Cs.h5,55,b'Cs',131.763245,M4,742.0
Cs.h5,55,b'Cs',131.763245,M5,728.0
Cs.h5,55,b'Cs',131.763245,N1,233.0
Cs.h5,55,b'Cs',131.763245,N2,174.0
Cs.h5,55,b'Cs',131.763245,N3,164.0
Cs.h5,55,b'Cs',131.763245,N4,81.0
Cs.h5,55,b'Cs',131.763245,N5,79.0
Cs.h5,55,b'Cs',131.763245,O1,25.0
Cs.h5,55,b'Cs',131.763245,O2,14.0
Cs.h5,55,b'Cs',131.763245,O3,12.3
Cs.h5,55,b'Cs',131.763245,P1,3.89
Sn.h5,50,b'Sn',117.670363,K,29204.0
Sn.h5,50,b'Sn',117.670363,L1,4469.0
Sn.h5,50,b'Sn',117.670363,L2,4160.0
Sn.h5,50,b'Sn',117.670363,L3,3933.0
Sn.h5,50,b'Sn',117.670363,M1,888.0
Sn.h5,50,b'Sn',117.670363,M2,761.0
Sn.h5,50,b'Sn',117.670363,M3,719.0
Sn.h5,50,b'Sn',117.670363,M4,497.0
Sn.h5,50,b'Sn',117.670363,M5,489.0
Sn.h5,50,b'Sn',117.670363,N1,141.0
Sn.h5,50,b'Sn',117.670363,N2,102.0
Sn.h5,50,b'Sn',117.670363,N3,93.0
Sn.h5,50,b'Sn',117.670363,N4,29.0
Sn.h5,50,b'Sn',117.670363,N5,28.0
Sn.h5,50,b'Sn',117.670363,O1,12.0
Sn.h5,50,b'Sn',117.670363,O2,7.34
Sn.h5,50,b'Sn',117.670363,O3,7.34
Bk.h5,97,b'Bk',244.878082,K,131590.0
Bk.h5,97,b'Bk',244.878082,L1,25260.0
Bk.h5,97,b'Bk',244.878082,L2,24372.0
Bk.h5,97,b'Bk',244.878082,L3,19440.0
Bk.h5,97,b'Bk',244.878082,M1,6523.0
Bk.h5,97,b'Bk',244.878082,M2,6149.0
Bk.h5,97,b'Bk',244.878082,M3,4968.0
Bk.h5,97,b'Bk',244.878082,M4,4366.0
Bk.h5,97,b'Bk',244.878082,M5,4133.0
Bk.h5,97,b'Bk',244.878082,N1,1729.0
Bk.h5,97,b'Bk',244.878082,N2,1554.0
Bk.h5,97,b'Bk',244.878082,N3,1236.0
Bk.h5,97,b'Bk',244.878082,N4,955.0
Bk.h5,97,b'Bk',244.878082,N5,898.0
Bk.h5,97,b'Bk',244.878082,N6,520.0
Bk.h5,97,b'Bk',244.878082,N7,504.0
Bk.h5,97,b'Bk',244.878082,O1,401.0
Bk.h5,97,b'Bk',244.878082,O2,329.0
Bk.h5,97,b'Bk',244.878082,O3,248.0
Bk.h5,97,b'Bk',244.878082,O4,142.0
Bk.h5,97,b'Bk',244.878082,O5,124.0
Bk.h5,97,b'Bk',244.878082,O6,12.0
Bk.h5,97,b'Bk',244.878082,O7,12.0
Bk.h5,97,b'Bk',244.878082,P1,63.0
Bk.h5,97,b'Bk',244.878082,P2,41.0
Bk.h5,97,b'Bk',244.878082,P3,27.0
Bk.h5,97,b'Bk',244.878082,P4,5.33
Bk.h5,97,b'Bk',244.878082,P5,3.85
Bk.h5,97,b'Bk',244.878082,Q1,6.28
Rn.h5,86,b'Rn',220.092851,K,98404.0
Rn.h5,86,b'Rn',220.092851,L1,18055.0
Rn.h5,86,b'Rn',220.092851,L2,17334.0
Rn.h5,86,b'Rn',220.092851,L3,14615.0
Rn.h5,86,b'Rn',220.092851,M1,4483.0
Rn.h5,86,b'Rn',220.092851,M2,4162.0
Rn.h5,86,b'Rn',220.092851,M3,3542.0
Rn.h5,86,b'Rn',220.092851,M4,3019.0
Rn.h5,86,b'Rn',220.092851,M5,2890.0
Rn.h5,86,b'Rn',220.092851,N1,1096.0
Rn.h5,86,b'Rn',220.092851,N2,951.0
Rn.h5,86,b'Rn',220.092851,N3,798.0
Rn.h5,86,b'Rn',220.092851,N4,567.0
Rn.h5,86,b'Rn',220.092851,N5,538.0
Rn.h5,86,b'Rn',220.092851,N6,242.0
Rn.h5,86,b'Rn',220.092851,N7,235.0
Rn.h5,86,b'Rn',220.092851,O1,212.0
Rn.h5,86,b'Rn',220.092851,O2,167.0
Rn.h5,86,b'Rn',220.092851,O3,134.0
Rn.h5,86,b'Rn',220.092851,O4,55.0
Rn.h5,86,b'Rn',220.092851,O5,51.0
Rn.h5,86,b'Rn',220.092851,P1,24.0
Rn.h5,86,b'Rn',220.092851,P2,14.0
Rn.h5,86,b'Rn',220.092851,P3,10.7
Pr.h5,59,b'Pr',139.697493,K,41995.0
Pr.h5,59,b'Pr',139.697493,L1,6839.0
Pr.h5,59,b'Pr',139.697493,L2,6444.0
Pr.h5,59,b'Pr',139.697493,L3,5968.0
Pr.h5,59,b'Pr',139.697493,M1,1509.0
Pr.h5,59,b'Pr',139.697493,M2,1342.0
Pr.h5,59,b'Pr',139.697493,M3,1244.0
Pr.h5,59,b'Pr',139.697493,M4,954.0
Pr.h5,59,b'Pr',139.697493,M5,934.0
Pr.h5,59,b'Pr',139.697493,N1,307.0
Pr.h5,59,b'Pr',139.697493,N2,238.0
Pr.h5,59,b'Pr',139.697493,N3,220.0
Pr.h5,59,b'Pr',139.697493,N4,121.0
Pr.h5,59,b'Pr',139.697493,N5,117.0
Pr.h5,59,b'Pr',139.697493,N6,6.0
Pr.h5,59,b'Pr',139.697493,N7,6.0
Pr.h5,59,b'Pr',139.697493,O1,41.0
Pr.h5,59,b'Pr',139.697493,O2,27.0
Pr.h5,59,b'Pr',139.697493,O3,24.0
Pr.h5,59,b'Pr',139.697493,P1,5.61
C.h5,6,b'C',11.9078164,K,288.0
C.h5,6,b'C',11.9078164,L1,16.59
C.h5,6,b'C',11.9078164,L2,11.26
C.h5,6,b'C',11.9078164,L3,11.26
Er.h5,68,b'Er',165.82311,K,57489.0
Er.h5,68,b'Er',165.82311,L1,9754.0
Er.h5,68,b'Er',165.82311,L2,9267.0
Er.h5,68,b'Er',165.82311,L3,8361.0
Er.h5,68,b'Er',165.82311,M1,2220.0
Er.h5,68,b'Er',165.82311,M2,2008.0
Er.h5,68,b'Er',165.82311,M3,1815.0
Er.h5,68,b'Er',165.82311,M4,1456.0
Er.h5,68,b'Er',165.82311,M5,1412.0
Er.h5,68,b'Er',165.82311,N1,452.0
Er.h5,68,b'Er',165.82311,N2,365.0
Er.h5,68,b'Er',165.82311,N3,323.0
Er.h5,68,b'Er',165.82311,N4,181.0
Er.h5,68,b'Er',165.82311,N5,172.0
Er.h5,68,b'Er',165.82311,N6,6.07
Er.h5,68,b'Er',165.82311,N7,6.0
Er.h5,68,b'Er',165.82311,O1,54.0
Er.h5,68,b'Er',165.82311,O2,35.0
Er.h5,68,b'Er',165.82311,O3,30.0
Er.h5,68,b'Er',165.82311,P1,6.0
Co.h5,27,b'Co',58.4269191,K,7715.0
Co.h5,27,b'Co',58.4269191,L1,931.0
Co.h5,27,b'Co',58.4269191,L2,800.0
Co.h5,27,b'Co',58.4269191,L3,785.0
Co.h5,27,b'Co',58.4269191,M1,107.0
Co.h5,27,b'Co',58.4269191,M2,68.0
Co.h5,27,b'Co',58.4269191,M3,66.0
Co.h5,27,b'Co',58.4269191,M4,9.0
Co.h5,27,b'Co',58.4269191,M5,9.0
Co.h5,27,b'Co',58.4269191,N1,7.86
Np.h5,93,b'Np',234.96399,K,118680.0
Np.h5,93,b'Np',234.96399,L1,22427.0
Np.h5,93,b'Np',234.96399,L2,21602.0
Np.h5,93,b'Np',234.96399,L3,17612.0
Np.h5,93,b'Np',234.96399,M1,5742.0
Np.h5,93,b'Np',234.96399,M2,5370.0
Np.h5,93,b'Np',234.96399,M3,4440.0
Np.h5,93,b'Np',234.96399,M4,3854.0
Np.h5,93,b'Np',234.96399,M5,3669.0
Np.h5,93,b'Np',234.96399,N1,1504.0
Np.h5,93,b'Np',234.96399,N2,1331.0
Np.h5,93,b'Np',234.96399,N3,1089.0
Np.h5,93,b'Np',234.96399,N4,819.0
Np.h5,93,b'Np',234.96399,N5,774.0
Np.h5,93,b'Np',234.96399,N6,421.0
Np.h5,93,b'Np',234.96399,N7,410.0
Np.h5,93,b'Np',234.96399,O1,346.0
Np.h5,93,b'Np',234.96399,O2,274.0
Np.h5,93,b'Np',234.96399,O3,211.0
Np.h5,93,b'Np',234.96399,O4,116.0
Np.h5,93,b'Np',234.96399,O5,106.0
Np.h5,93,b'Np',234.96399,O6,6.0
Np.h5,93,b'Np',234.96399,O7,9.03
Np.h5,93,b'Np',234.96399,P1,54.0
Np.h5,93,b'Np',234.96399,P2,35.0
Np.h5,93,b'Np',234.96399,P3,25.0
Np.h5,93,b'Np',234.96399,P4,6.0
Np.h5,93,b'Np',234.96399,P5,4.11
Np.h5,93,b'Np',234.96399,Q1,6.0
Sr.h5,38,b'Sr',86.8672777,K,16108.0
Sr.h5,38,b'Sr',86.8672777,L1,2219.0
Sr.h5,38,b'Sr',86.8672777,L2,2010.0
Sr.h5,38,b'Sr',86.8672777,L3,1943.0
Sr.h5,38,b'Sr',86.8672777,M1,361.0
Sr.h5,38,b'Sr',86.8672777,M2,283.0
Sr.h5,38,b'Sr',86.8672777,M3,273.0
Sr.h5,38,b'Sr',86.8672777,M4,139.0
Sr.h5,38,b'Sr',86.8672777,M5,137.0
Sr.h5,38,b'Sr',86.8672777,N1,40.0
Sr.h5,38,b'Sr',86.8672777,N2,23.0
Sr.h5,38,b'Sr',86.8672777,N3,22.0
Sr.h5,38,b'Sr',86.8672777,O1,5.69
As.h5,33,b'As',74.2779666,K,11871.0
As.h5,33,b'As',74.2779666,L1,1531.0
As.h5,33,b'As',74.2779666,L2,1362.0
As.h5,33,b'As',74.2779666,L3,1327.0
As.h5,33,b'As',74.2779666,M1,208.0
As.h5,33,b'As',74.2779666,M2,151.0
As.h5,33,b'As',74.2779666,M3,145.0
As.h5,33,b'As',74.2779666,M4,46.0
As.h5,33,b'As',74.2779666,M5,45.0
As.h5,33,b'As',74.2779666,N1,17.0
As.h5,33,b'As',74.2779666,N2,9.81
As.h5,33,b'As',74.2779666,N3,9.81
Ge.h5,32,b'Ge',71.9663968,K,11107.0
Ge.h5,32,b'Ge',71.9663968,L1,1413.0
Ge.h5,32,b'Ge',71.9663968,L2,1251.0
Ge.h5,32,b'Ge',71.9663968,L3,1220.0
Ge.h5,32,b'Ge',71.9663968,M1,184.0
Ge.h5,32,b'Ge',71.9663968,M2,130.0
Ge.h5,32,b'Ge',71.9663968,M3,125.0
Ge.h5,32,b'Ge',71.9663968,M4,33.0
Ge.h5,32,b'Ge',71.9663968,M5,32.0
Ge.h5,32,b'Ge',71.9663968,N1,14.3
Ge.h5,32,b'Ge',71.9663968,N2,7.9
Ge.h5,32,b'Ge',71.9663968,N3,7.9
Mg.h5,12,b'Mg',24.0962016,K,1308.0
Mg.h5,12,b'Mg',24.0962016,L1,92.0
Mg.h5,12,b'Mg',24.0962016,L2,54.0
Mg.h5,12,b'Mg',24.0962016,L3,54.0
Mg.h5,12,b'Mg',24.0962016,M1,7.65
Hf.h5,72,b'Hf',176.956635,K,65350.0
Hf.h5,72,b'Hf',176.956635,L1,11275.0
Hf.h5,72,b'Hf',176.956635,L2,10742.0
Hf.h5,72,b'Hf',176.956635,L3,9564.0
Hf.h5,72,b'Hf',176.956635,M1,2604.0
Hf.h5,72,b'Hf',176.956635,M2,2369.0
Hf.h5,72,b'Hf',176.956635,M3,2113.0
Hf.h5,72,b'Hf',176.956635,M4,1720.0
Hf.h5,72,b'Hf',176.956635,M5,1665.0
Hf.h5,72,b'Hf',176.956635,N1,542.0
Hf.h5,72,b'Hf',176.956635,N2,444.0
Hf.h5,72,b'Hf',176.956635,N3,386.0
Hf.h5,72,b'Hf',176.956635,N4,229.0
Hf.h5,72,b'Hf',176.956635,N5,217.0
Hf.h5,72,b'Hf',176.956635,N6,21.0
Hf.h5,72,b'Hf',176.956635,N7,20.0
Hf.h5,72,b'Hf',176.956635,O1,68.0
Hf.h5,72,b'Hf',176.956635,O2,43.0
Hf.h5,72,b'Hf',176.956635,O3,35.0
Hf.h5,72,b'Hf',176.956635,O4,7.25
Hf.h5,72,b'Hf',176.956635,O5,7.25
Hf.h5,72,b'Hf',176.956635,P1,7.25
Ra.h5,88,b'Ra',224.058488,K,103920.0
Ra.h5,88,b'Ra',224.058488,L1,19237.0
Ra.h5,88,b'Ra',224.058488,L2,18488.0
Ra.h5,88,b'Ra',224.058488,L3,15449.0
Ra.h5,88,b'Ra',224.058488,M1,4827.0
Ra.h5,88,b'Ra',224.058488,M2,4491.0
Ra.h5,88,b'Ra',224.058488,M3,3793.0
Ra.h5,88,b'Ra',224.058488,M4,3254.0
Ra.h5,88,b'Ra',224.058488,M5,3111.0
Ra.h5,88,b'Ra',224.058488,N1,1214.0
Ra.h5,88,b'Ra',224.058488,N2,1060.0
Ra.h5,88,b'Ra',224.058488,N3,884.0
Ra.h5,88,b'Ra',224.058488,N4,642.0
Ra.h5,88,b'Ra',224.058488,N5,609.0
Ra.h5,88,b'Ra',224.058488,N6,296.0
Ra.h5,88,b'Ra',224.058488,N7,287.0
Ra.h5,88,b'Ra',224.058488,O1,253.0
Ra.h5,88,b'Ra',224.058488,O2,201.0
Ra.h5,88,b'Ra',224.058488,O3,161.0
Ra.h5,88,b'Ra',224.058488,O4,77.0
Ra.h5,88,b'Ra',224.058488,O5,73.0
Ra.h5,88,b'Ra',224.058488,P1,40.0
Ra.h5,88,b'Ra',224.058488,P2,25.0
Ra.h5,88,b'Ra',224.058488,P3,19.0
Ra.h5,88,b'Ra',224.058488,Q1,5.28
Dy.h5,66,b'Dy',161.104002,K,53792.0
Dy.h5,66,b'Dy',161.104002,L1,9050.0
Dy.h5,66,b'Dy',161.104002,L2,8585.0
Dy.h5,66,b'Dy',161.104002,L3,7794.0
Dy.h5,66,b'Dy',161.104002,M1,2048.0
Dy.h5,66,b'Dy',161.104002,M2,1846.0
Dy.h5,66,b'Dy',161.104002,M3,1678.0
Dy.h5,66,b'Dy',161.104002,M4,1335.0
Dy.h5,66,b'Dy',161.104002,M5,1298.0
Dy.h5,66,b'Dy',161.104002,N1,416.0
Dy.h5,66,b'Dy',161.104002,N2,331.0
Dy.h5,66,b'Dy',161.104002,N3,297.0
Dy.h5,66,b'Dy',161.104002,N4,164.0
Dy.h5,66,b'Dy',161.104002,N5,157.0
Dy.h5,66,b'Dy',161.104002,N6,6.0
Dy.h5,66,b'Dy',161.104002,N7,5.95
Dy.h5,66,b'Dy',161.104002,O1,50.0
Dy.h5,66,b'Dy',161.104002,O2,33.0
Dy.h5,66,b'Dy',161.104002,O3,28.0
Dy.h5,66,b'Dy',161.104002,P1,5.95
Cd.h5,48,b'Cd',111.444313,K,26715.0
Cd.h5,48,b'Cd',111.444313,L1,4022.0
Cd.h5,48,b'Cd',111.444313,L2,3732.0
Cd.h5,48,b'Cd',111.444313,L3,3542.0
Cd.h5,48,b'Cd',111.444313,M1,775.0
Cd.h5,48,b'Cd',111.444313,M2,655.0
Cd.h5,48,b'Cd',111.444313,M3,621.0
Cd.h5,48,b'Cd',111.444313,M4,415.0
Cd.h5,48,b'Cd',111.444313,M5,408.0
Cd.h5,48,b'Cd',111.444313,N1,112.0
Cd.h5,48,b'Cd',111.444313,N2,78.0
Cd.h5,48,b'Cd',111.444313,N3,71.0
Cd.h5,48,b'Cd',111.444313,N4,14.0
Cd.h5,48,b'Cd',111.444313,N5,13.0
Cd.h5,48,b'Cd',111.444313,O1,8.99
Fe.h5,26,b'Fe',55.3672319,K,7117.0
Fe.h5,26,b'Fe',55.3672319,L1,851.0
Fe.h5,26,b'Fe',55.3672319,L2,726.0
Fe.h5,26,b'Fe',55.3672319,L3,713.0
Fe.h5,26,b'Fe',55.3672319,M1,98.0
Fe.h5,26,b'Fe',55.3672319,M2,61.0
Fe.h5,26,b'Fe',55.3672319,M3,59.0
Fe.h5,26,b'Fe',55.3672319,M4,9.0
Fe.h5,26,b'Fe',55.3672319,M5,9.0
Fe.h5,26,b'Fe',55.3672319,N1,7.87
Se.h5,34,b'Se',78.2816736,K,12662.0
Se.h5,34,b'Se',78.2816736,L1,1656.0
Se.h5,34,b'Se',78.2816736,L2,1479.0
Se.h5,34,b'Se',78.2816736,L3,1439.0
Se.h5,34,b'Se',78.2816736,M1,234.0
Se.h5,34,b'Se',78.2816736,M2,173.0
Se.h5,34,b'Se',78.2816736,M3,166.0
Se.h5,34,b'Se',78.2816736,M4,61.0
Se.h5,34,b'Se',78.2816736,M5,60.0
Se.h5,34,b'Se',78.2816736,N1,20.15
Se.h5,34,b'Se',78.2816736,N2,9.75
Se.h5,34,b'Se',78.2816736,N3,9.75
Pa.h5,91,b'Pa',229.015535,K,112600.0
Pa.h5,91,b'Pa',229.015535,L1,21112.0
Pa.h5,91,b'Pa',229.015535,L2,20318.0
Pa.h5,91,b'Pa',229.015535,L3,16735.0
Pa.h5,91,b'Pa',229.015535,M1,5368.0
Pa.h5,91,b'Pa',229.015535,M2,5008.0
Pa.h5,91,b'Pa',229.015535,M3,4178.0
Pa.h5,91,b'Pa',229.015535,M4,3613.0
Pa.h5,91,b'Pa',229.015535,M5,3446.0
Pa.h5,91,b'Pa',229.015535,N1,1390.0
Pa.h5,91,b'Pa',229.015535,N2,1225.0
Pa.h5,91,b'Pa',229.015535,N3,1011.0
Pa.h5,91,b'Pa',229.015535,N4,752.0
Pa.h5,91,b'Pa',229.015535,N5,712.0
Pa.h5,91,b'Pa',229.015535,N6,372.0
Pa.h5,91,b'Pa',229.015535,N7,362.0
Pa.h5,91,b'Pa',229.015535,O1,312.0
Pa.h5,91,b'Pa',229.015535,O2,248.0
Pa.h5,91,b'Pa',229.015535,O3,195.0
Pa.h5,91,b'Pa',229.015535,O4,104.0
Pa.h5,91,b'Pa',229.015535,O5,97.0
Pa.h5,91,b'Pa',229.015535,O6,6.0
Pa.h5,91,b'Pa',229.015535,O7,6.8
Pa.h5,91,b'Pa',229.015535,P1,50.0
Pa.h5,91,b'Pa',229.015535,P2,32.0
Pa.h5,91,b'Pa',229.015535,P3,24.0
Pa.h5,91,b'Pa',229.015535,P4,6.0
Pa.h5,91,b'Pa',229.015535,P5,4.13
Pa.h5,91,b'Pa',229.015535,Q1,6.0
Ga.h5,31,b'Ga',69.1210523,K,10371.0
Ga.h5,31,b'Ga',69.1210523,L1,1302.0
Ga.h5,31,b'Ga',69.1210523,L2,1146.0
Ga.h5,31,b'Ga',69.1210523,L3,1119.0
Ga.h5,31,b'Ga',69.1210523,M1,162.0
Ga.h5,31,b'Ga',69.1210523,M2,111.0
Ga.h5,31,b'Ga',69.1210523,M3,107.0
Ga.h5,31,b'Ga',69.1210523,M4,21.0
Ga.h5,31,b'Ga',69.1210523,M5,20.0
Ga.h5,31,b'Ga',69.1210523,N1,9.33
Ga.h5,31,b'Ga',69.1210523,N2,6.0
Ga.h5,31,b'Ga',69.1210523,N3,6.0
P.h5,15,b'P',30.7077115,K,2148.0
P.h5,15,b'P',30.7077115,L1,191.0
P.h5,15,b'P',30.7077115,L2,135.0
P.h5,15,b'P',30.7077115,L3,134.0
P.h5,15,b'P',30.7077115,M1,16.15
P.h5,15,b'P',30.7077115,M2,10.49
P.h5,15,b'P',30.7077115,M3,10.49
H.h5,1,b'H',0.9992414,K,13.6
Re.h5,75,b'Re',184.60734,K,71681.0
Re.h5,75,b'Re',184.60734,L1,12532.0
Re.h5,75,b'Re',184.60734,L2,11963.0
Re.h5,75,b'Re',184.60734,L3,10540.0
Re.h5,75,b'Re',184.60734,M1,2937.0
Re.h5,75,b'Re',184.60734,M2,2686.0
Re.h5,75,b'Re',184.60734,M3,2371.0
Re.h5,75,b'Re',184.60734,M4,1953.0
Re.h5,75,b'Re',184.60734,M5,1887.0
Re.h5,75,b'Re',184.60734,N1,629.0
Re.h5,75,b'Re',184.60734,N2,522.0
Re.h5,75,b'Re',184.60734,N3,450.0
Re.h5,75,b'Re',184.60734,N4,278.0
Re.h5,75,b'Re',184.60734,N5,264.0
Re.h5,75,b'Re',184.60734,N6,47.0
Re.h5,75,b'Re',184.60734,N7,45.0
Re.h5,75,b'Re',184.60734,O1,86.0
Re.h5,75,b'Re',184.60734,O2,56.0
Re.h5,75,b'Re',184.60734,O3,45.0
Re.h5,75,b'Re',184.60734,O4,9.6
Re.h5,75,b'Re',184.60734,O5,8.75
Re.h5,75,b'Re',184.60734,P1,8.75
Ba.h5,56,b'Ba',136.150231,K,37442.0
Ba.h5,56,b'Ba',136.150231,L1,5991.0
Ba.h5,56,b'Ba',136.150231,L2,5626.0
Ba.h5,56,b'Ba',136.150231,L3,5249.0
Ba.h5,56,b'Ba',136.150231,M1,1293.0
Ba.h5,56,b'Ba',136.150231,M2,1138.0
Ba.h5,56,b'Ba',136.150231,M3,1063.0
Ba.h5,56,b'Ba',136.150231,M4,797.0
Ba.h5,56,b'Ba',136.150231,M5,782.0
Ba.h5,56,b'Ba',136.150231,N1,254.0
Ba.h5,56,b'Ba',136.150231,N2,193.0
Ba.h5,56,b'Ba',136.150231,N3,181.0
Ba.h5,56,b'Ba',136.150231,N4,94.0
Ba.h5,56,b'Ba',136.150231,N5,92.0
Ba.h5,56,b'Ba',136.150231,O1,31.0
Ba.h5,56,b'Ba',136.150231,O2,18.0
Ba.h5,56,b'Ba',136.150231,O3,16.0
Ba.h5,56,b'Ba',136.150231,P1,5.21
Ta.h5,73,b'Ta',179.393519,K,67419.0
Ta.h5,73,b'Ta',179.393519,L1,11684.0
Ta.h5,73,b'Ta',179.393519,L2,11139.0
Ta.h5,73,b'Ta',179.393519,L3,9884.0
Ta.h5,73,b'Ta',179.393519,M1,2712.0
Ta.h5,73,b'Ta',179.393519,M2,2472.0
Ta.h5,73,b'Ta',179.393519,M3,2197.0
Ta.h5,73,b'Ta',179.393519,M4,1796.0
Ta.h5,73,b'Ta',179.393519,M5,1737.0
Ta.h5,73,b'Ta',179.393519,N1,570.0
Ta.h5,73,b'Ta',179.393519,N2,469.0
Ta.h5,73,b'Ta',179.393519,N3,407.0
Ta.h5,73,b'Ta',179.393519,N4,245.0
Ta.h5,73,b'Ta',179.393519,N5,232.0
Ta.h5,73,b'Ta',179.393519,N6,30.0
Ta.h5,73,b'Ta',179.393519,N7,28.0
Ta.h5,73,b'Ta',179.393519,O1,74.0
Ta.h5,73,b'Ta',179.393519,O2,47.0
Ta.h5,73,b'Ta',179.393519,O3,38.0
Ta.h5,73,b'Ta',179.393519,O4,8.14
Ta.h5,73,b'Ta',179.393519,O5,8.14
Ta.h5,73,b'Ta',179.393519,P1,8.14
Ca.h5,20,b'Ca',39.7356824,K,4041.0
Ca.h5,20,b'Ca',39.7356824,L1,441.0
Ca.h5,20,b'Ca',39.7356824,L2,353.0
Ca.h5,20,b'Ca',39.7356824,L3,349.0
Ca.h5,20,b'Ca',39.7356824,M1,46.0
Ca.h5,20,b'Ca',39.7356824,M2,28.0
Ca.h5,20,b'Ca',39.7356824,M3,28.0
Ca.h5,20,b'Ca',39.7356824,N1,6.11
I.h5,53,b'I',125.813798,K,33176.0
I.h5,53,b'I',125.813798,L1,5195.0
I.h5,53,b'I',125.813798,L2,4858.0
I.h5,53,b'I',125.813798,L3,4563.0
I.h5,53,b'I',125.813798,M1,1078.0
I.h5,53,b'I',125.813798,M2,937.0
I.h5,53,b'I',125.813798,M3,881.0
I.h5,53,b'I',125.813798,M4,638.0
I.h5,53,b'I',125.813798,M5,626.0
I.h5,53,b'I',125.813798,N1,193.0
I.h5,53,b'I',125.813798,N2,141.0
I.h5,53,b'I',125.813798,N3,131.0
I.h5,53,b'I',125.813798,N4,58.0
I.h5,53,b'I',125.813798,N5,56.0
I.h5,53,b'I',125.813798,O1,20.61
I.h5,53,b'I',125.813798,O2,10.45
I.h5,53,b'I',125.813798,O3,10.45
Gd.h5,64,b'Gd',155.899103,K,50243.0
Gd.h5,64,b'Gd',155.899103,L1,8380.0
Gd.h5,64,b'Gd',155.899103,L2,7935.0
Gd.h5,64,b'Gd',155.899103,L3,7247.0
Gd.h5,64,b'Gd',155.899103,M1,1884.0
Gd.h5,64,b'Gd',155.899103,M2,1692.0
Gd.h5,64,b'Gd',155.899103,M3,1547.0
Gd.h5,64,b'Gd',155.899103,M4,1220.0
Gd.h5,64,b'Gd',155.899103,M5,1189.0
Gd.h5,64,b'Gd',155.899103,N1,380.0
Gd.h5,64,b'Gd',155.899103,N2,300.0
Gd.h5,64,b'Gd',155.899103,N3,273.0
Gd.h5,64,b'Gd',155.899103,N4,150.0
Gd.h5,64,b'Gd',155.899103,N5,143.0
Gd.h5,64,b'Gd',155.899103,N6,6.11
Gd.h5,64,b'Gd',155.899103,N7,6.0
Gd.h5,64,b'Gd',155.899103,O1,46.0
Gd.h5,64,b'Gd',155.899103,O2,31.0
Gd.h5,64,b'Gd',155.899103,O3,27.0
Gd.h5,64,b'Gd',155.899103,O4,6.0
Gd.h5,64,b'Gd',155.899103,O5,6.0
Gd.h5,64,b'Gd',155.899103,P1,6.0
U.h5,92,b'U',235.98415,K,115610.0
U.h5,92,b'U',235.98415,L1,21762.0
U.h5,92,b'U',235.98415,L2,20953.0
U.h5,92,b'U',235.98415,L3,17171.0
U.h5,92,b'U',235.98415,M1,5553.0
U.h5,92,b'U',235.98415,M2,5187.0
U.h5,92,b'U',235.98415,M3,4308.0
U.h5,92,b'U',235.98415,M4,3733.0
U.h5,92,b'U',235.98415,M5,3557.0
U.h5,92,b'U',235.98415,N1,1446.0
U.h5,92,b'U',235.98415,N2,1278.0
U.h5,92,b'U',235.98415,N3,1050.0
U.h5,92,b'U',235.98415,N4,785.0
U.h5,92,b'U',235.98415,N5,743.0
U.h5,92,b'U',235.98415,N6,396.0
U.h5,92,b'U',235.98415,N7,386.0
U.h5,92,b'U',235.98415,O1,329.0
U.h5,92,b'U',235.98415,O2,261.0
U.h5,92,b'U',235.98415,O3,203.0
U.h5,92,b'U',235.98415,O4,110.0
U.h5,92,b'U',235.98415,O5,101.0
U.h5,92,b'U',235.98415,O6,6.03
U.h5,92,b'U',235.98415,O7,7.95
U.h5,92,b'U',235.98415,P1,52.0
U.h5,92,b'U',235.98415,P2,34.0
U.h5,92,b'U',235.98415,P3,24.0
U.h5,92,b'U',235.98415,P4,6.0
U.h5,92,b'U',235.98415,P5,4.13
U.h5,92,b'U',235.98415,Q1,6.0
Pd.h5,46,b'Pd',105.485943,K,24357.0
Pd.h5,46,b'Pd',105.485943,L1,3611.0
Pd.h5,46,b'Pd',105.485943,L2,3337.0
Pd.h5,46,b'Pd',105.485943,L3,3180.0
Pd.h5,46,b'Pd',105.485943,M1,677.0
Pd.h5,46,b'Pd',105.485943,M2,565.0
Pd.h5,46,b'Pd',105.485943,M3,537.0
Pd.h5,46,b'Pd',105.485943,M4,347.0
Pd.h5,46,b'Pd',105.485943,M5,342.0
Pd.h5,46,b'Pd',105.485943,N1,93.0
Pd.h5,46,b'Pd',105.485943,N2,63.0
Pd.h5,46,b'Pd',105.485943,N3,57.0
Pd.h5,46,b'Pd',105.485943,N4,8.56
Pd.h5,46,b'Pd',105.485943,N5,8.56
Be.h5,4,b'Be',8.93475853,K,115.0
Be.h5,4,b'Be',8.93475853,L1,9.32
Hg.h5,80,b'Hg',198.86678,K,83108.0
Hg.h5,80,b'Hg',198.86678,L1,14845.0
Hg.h5,80,b'Hg',198.86678,L2,14214.0
Hg.h5,80,b'Hg',198.86678,L3,12288.0
Hg.h5,80,b'Hg',198.86678,M1,3567.0
Hg.h5,80,b'Hg',198.86678,M2,3283.0
Hg.h5,80,b'Hg',198.86678,M3,2852.0
Hg.h5,80,b'Hg',198.86678,M4,2390.0
Hg.h5,80,b'Hg',198.86678,M5,2300.0
Hg.h5,80,b'Hg',198.86678,N1,806.0
Hg.h5,80,b'Hg',198.86678,N2,683.0
Hg.h5,80,b'Hg',198.86678,N3,579.0
Hg.h5,80,b'Hg',198.86678,N4,382.0
Hg.h5,80,b'Hg',198.86678,N5,363.0
Hg.h5,80,b'Hg',198.86678,N6,107.0
Hg.h5,80,b'Hg',198.86678,N7,103.0
Hg.h5,80,b'Hg',198.86678,O1,125.0
Hg.h5,80,b'Hg',198.86678,O2,85.0
Hg.h5,80,b'Hg',198.86678,O3,68.0
Hg.h5,80,b'Hg',198.86678,O4,14.0
Hg.h5,80,b'Hg',198.86678,O5,11.77
Hg.h5,80,b'Hg',198.86678,P1,10.4
Yb.h5,70,b'Yb',171.553455,K,61335.0
Yb.h5,70,b'Yb',171.553455,L1,10490.0
Yb.h5,70,b'Yb',171.553455,L2,9981.0
Yb.h5,70,b'Yb',171.553455,L3,8946.0
Yb.h5,70,b'Yb',171.553455,M1,2401.0
Yb.h5,70,b'Yb',171.553455,M2,2178.0
Yb.h5,70,b'Yb',171.553455,M3,1956.0
Yb.h5,70,b'Yb',171.553455,M4,1580.0
Yb.h5,70,b'Yb',171.553455,M5,1531.0
Yb.h5,70,b'Yb',171.553455,N1,490.0
Yb.h5,70,b'Yb',171.553455,N2,399.0
Yb.h5,70,b'Yb',171.553455,N3,349.0
Yb.h5,70,b'Yb',171.553455,N4,200.0
Yb.h5,70,b'Yb',171.553455,N5,190.0
Yb.h5,70,b'Yb',171.553455,N6,8.0
Yb.h5,70,b'Yb',171.553455,N7,7.0
Yb.h5,70,b'Yb',171.553455,O1,58.0
Yb.h5,70,b'Yb',171.553455,O2,37.0
Yb.h5,70,b'Yb',171.553455,O3,31.0
Yb.h5,70,b'Yb',171.553455,P1,6.25
Nb.h5,41,b'Nb',92.1082635,K,18990.0
Nb.h5,41,b'Nb',92.1082635,L1,2702.0
Nb.h5,41,b'Nb',92.1082635,L2,2469.0
Nb.h5,41,b'Nb',92.1082635,L3,2375.0
Nb.h5,41,b'Nb',92.1082635,M1,472.0
Nb.h5,41,b'Nb',92.1082635,M2,382.0
Nb.h5,41,b'Nb',92.1082635,M3,367.0
Nb.h5,41,b'Nb',92.1082635,M4,212.0
Nb.h5,41,b'Nb',92.1082635,M5,209.0
Nb.h5,41,b'Nb',92.1082635,N1,62.0
Nb.h5,41,b'Nb',92.1082635,N2,40.0
Nb.h5,41,b'Nb',92.1082635,N3,38.0
Nb.h5,41,b'Nb',92.1082635,N4,7.17
Nb.h5,41,b'Nb',92.1082635,N5,7.17
Nb.h5,41,b'Nb',92.1082635,O1,7.07
Ce.h5,58,b'Ce',138.916263,K,40446.0
Ce.h5,58,b'Ce',138.916263,L1,6552.0
Ce.h5,58,b'Ce',138.916263,L2,6167.0
Ce.h5,58,b'Ce',138.916263,L3,5726.0
Ce.h5,58,b'Ce',138.916263,M1,1437.0
Ce.h5,58,b'Ce',138.916263,M2,1275.0
Ce.h5,58,b'Ce',138.916263,M3,1184.0
Ce.h5,58,b'Ce',138.916263,M4,903.0
Ce.h5,58,b'Ce',138.916263,M5,885.0
Ce.h5,58,b'Ce',138.916263,N1,291.0
Ce.h5,58,b'Ce',138.916263,N2,225.0
Ce.h5,58,b'Ce',138.916263,N3,209.0
Ce.h5,58,b'Ce',138.916263,N4,114.0
Ce.h5,58,b'Ce',138.916263,N5,111.0
Ce.h5,58,b'Ce',138.916263,N6,6.0
Ce.h5,58,b'Ce',138.916263,N7,6.0
Ce.h5,58,b'Ce',138.916263,O1,39.0
Ce.h5,58,b'Ce',138.916263,O2,25.0
Ce.h5,58,b'Ce',138.916263,O3,22.0
Ce.h5,58,b'Ce',138.916263,P1,5.77
Te.h5,52,b'Te',126.503819,K,31820.0
Te.h5,52,b'Te',126.503819,L1,4945.0
Te.h5,52,b'Te',126.503819,L2,4618.0
Te.h5,52,b'Te',126.503819,L3,4347.0
Te.h5,52,b'Te',126.503819,M1,1012.0
Te.h5,52,b'Te',126.503819,M2,876.0
Te.h5,52,b'Te',126.503819,M3,825.0
Te.h5,52,b'Te',126.503819,M4,589.0
Te.h5,52,b'Te',126.503819,M5,578.0
Te.h5,52,b'Te',126.503819,N1,174.0
Te.h5,52,b'Te',126.503819,N2,127.0
Te.h5,52,b'Te',126.503819,N3,117.0
Te.h5,52,b'Te',126.503819,N4,48.0
Te.h5,52,b'Te',126.503819,N5,46.0
Te.h5,52,b'Te',126.503819,O1,17.84
Te.h5,52,b'Te',126.503819,O2,9.01
Te.h5,52,b'Te',126.503819,O3,9.01
